Date,Open,High,Low,Close,Volume,Dividends,Stock Splits,Ticker,Daily_Return,Price_Change,Price_Change_Pct
2023-10-18 00:00:00-04:00,173.87689630601963,175.85749653944856,173.4114540423014,174.13436889648438,54764400,0.0,0.0,AAPL,,0.2574725904647437,0.1480775168723954
2023-10-19 00:00:00-04:00,174.33241738277906,176.11496052795673,173.4906713911534,173.758056640625,59302900,0.0,0.0,AAPL,-0.002161045279252538,-0.574360742154056,-0.3294629597735347
2023-10-20 00:00:00-04:00,173.60948564320893,173.718419244541,170.96538653172513,171.20306396484375,64244000,0.0,0.0,AAPL,-0.01470431199092892,-2.4064216783651773,-1.3861118644811268
2023-10-23 00:00:00-04:00,169.25219112217718,172.32211231863303,168.2816861592976,171.32191467285156,55980100,0.0,0.0,AAPL,0.000694209001027124,2.0697235506743823,1.2228636669053943
2023-10-24 00:00:00-04:00,171.3714282347356,171.98540943587548,169.78694209599936,171.7576446533203,43816600,0.0,0.0,AAPL,0.002543340595397847,0.38621641858472344,0.2253680339617083
2023-10-25 00:00:00-04:00,170.2127862637829,171.38133313025827,168.99470625930118,169.4403533935547,57157000,0.0,0.0,AAPL,-0.013491633891713484,-0.772432870228215,-0.4538042571203535
2023-10-26 00:00:00-04:00,168.71743481214864,169.71764765287952,164.06302704400315,165.2711944580078,70625300,0.0,0.0,AAPL,-0.02460546647859785,-3.4462403541408264,-2.0426106869025706
2023-10-27 00:00:00-04:00,165.2910117543283,167.32113020792602,165.21178592419773,166.5883026123047,58499100,0.0,0.0,AAPL,0.007969375175245874,1.2972908579763782,0.7848526330666661
2023-10-30 00:00:00-04:00,167.3805285943209,169.50966778359705,167.23197451155576,168.63819885253906,51131000,0.0,0.0,AAPL,0.012305163136243857,1.2576702582181554,0.7513838489937874
2023-10-31 00:00:00-04:00,167.70733154956028,169.24228464861295,166.27138428536674,169.11355590820312,44846000,0.0,0.0,AAPL,0.0028187982254228583,1.4062243586428451,0.8384990361779637
2023-11-01 00:00:00-04:00,169.34130885799144,172.53997379429074,168.46983997695696,172.28250122070312,56934900,0.0,0.0,AAPL,0.018738564720501394,2.941192362711689,1.7368428191246323
2023-11-02 00:00:00-04:00,173.8174769968696,176.05554977286621,173.75806140886317,175.84759521484375,77334800,0.0,0.0,AAPL,0.020693302969716942,2.030118217974149,1.167959777721725
2023-11-03 00:00:00-04:00,172.5498964006483,175.10487249469713,171.66852990822986,174.93650817871094,79829200,0.0,0.0,AAPL,-0.005181117404646218,2.386611778062644,1.3831429794203443
2023-11-06 00:00:00-05:00,174.66913933099835,177.68954259678722,174.50079012453784,177.49148559570312,63841300,0.0,0.0,AAPL,0.014605169861868328,2.822346264704777,1.6158242237379008
2023-11-07 00:00:00-05:00,177.4419442386158,180.67033186387974,177.23398970359145,180.0563507080078,70530000,0.0,0.0,AAPL,0.01445063746971531,2.6144064693920086,1.4733869607944976
2023-11-08 00:00:00-05:00,180.5812266581694,181.67054768588966,179.82858892219454,181.11598205566406,49340300,0.0,0.0,AAPL,0.005884998465700564,0.5347553974946493,0.2961301168403915
2023-11-09 00:00:00-05:00,181.18532362684607,182.33406032637882,180.0464693782347,180.64065551757812,53763500,0.0,0.0,AAPL,-0.0026244317739990697,-0.5446681092679455,-0.3006138126229792
2023-11-10 00:00:00-05:00,182.425536381392,185.00371491529177,181.98922784820692,184.8351287841797,66133400,0.24,0.0,AAPL,0.023219984751402745,2.4095924027876947,1.320863542782753
2023-11-13 00:00:00-05:00,184.25997609615754,184.46820459130328,182.66349206706928,183.24853515625,43627500,0.0,0.0,AAPL,-0.008583831646971407,-1.0114409399075441,-0.548920585651067
2023-11-14 00:00:00-05:00,186.12423638705965,186.53079802673324,184.73599558169857,185.86642456054688,60108400,0.0,0.0,AAPL,0.014286004535123187,-0.25781182651277845,-0.1385159888455574
2023-11-15 00:00:00-05:00,186.2729648412074,187.90910668353808,186.20354524355434,186.43161010742188,53790500,0.0,0.0,AAPL,0.0030408157267312053,0.15864526621447794,0.08516816509025811
2023-11-16 00:00:00-05:00,187.9785160308428,189.35684600106327,187.06622636374277,188.11734008789062,54412900,0.0,0.0,AAPL,0.009042082399532081,0.1388240570478274,0.07385102296745959
2023-11-17 00:00:00-05:00,188.65279989002153,188.78171334674664,186.98691120628507,188.09750366210938,50922700,0.0,0.0,AAPL,-0.00010544708835447114,-0.5552962279121516,-0.29434825681668725
2023-11-20 00:00:00-05:00,188.29581152699646,190.29885721130628,188.28590092727276,189.84271240234375,46505100,0.0,0.0,AAPL,0.009278213193990137,1.5469008753472906,0.8215269701447965
2023-11-21 00:00:00-05:00,189.8030754431615,189.91215257469014,188.14709726863614,189.03953552246094,38134500,0.0,0.0,AAPL,-0.004230749074953133,-0.7635399207005662,-0.4022800573266876
2023-11-22 00:00:00-05:00,189.88238464889707,191.31028267101584,189.22792193208022,189.70388793945312,39617700,0.0,0.0,AAPL,0.00351435701085534,-0.17849670944394802,-0.09400382756620536
2023-11-24 00:00:00-05:00,189.26759079649733,189.2973377280717,187.66119596873028,188.37515258789062,24048300,0.0,0.0,AAPL,-0.007004259986419403,-0.8924382086067055,-0.47152193613869436
2023-11-27 00:00:00-05:00,188.3255687303111,189.0692722786972,187.31412766791345,188.1966552734375,40552600,0.0,0.0,AAPL,-0.000947562945542102,-0.12891345687359035,-0.0684524452748097
2023-11-28 00:00:00-05:00,188.1867388581487,189.47582799498892,187.8099242301234,188.80152893066406,38415400,0.0,0.0,AAPL,0.0032140510486105,0.6147900725153761,0.3266914960351124
2023-11-29 00:00:00-05:00,189.2973359031836,190.47734794655034,187.3835460471391,187.78018188476562,43014200,0.0,0.0,AAPL,-0.005409633341865172,-1.5171540184179833,-0.8014661226896156
2023-11-30 00:00:00-05:00,188.2462390361622,188.7222202024886,186.61009727764167,188.35531616210938,48794400,0.0,0.0,AAPL,0.0030628060510491384,0.10907712594718078,0.0579438540210235
2023-12-01 00:00:00-05:00,188.73212704562349,189.95179660734362,187.64135580786584,189.63449096679688,45704800,0.0,0.0,AAPL,0.006791285909799161,0.9023639211733894,0.4781188742472313
2023-12-04 00:00:00-05:00,188.38506152852514,188.45448112204545,185.87630278327032,187.8396759033203,43389500,0.0,0.0,AAPL,-0.009464602427154523,-0.5453856252048297,-0.28950577120057247
2023-12-05 00:00:00-05:00,188.61314558971708,192.76795676998717,188.58338352707358,191.7961883544922,66628400,0.0,0.0,AAPL,0.02106324146985994,3.1830427647751094,1.687603880855187
2023-12-06 00:00:00-05:00,192.8175368647406,193.1249319103576,190.4971854261922,190.70542907714844,41089700,0.0,0.0,AAPL,-0.0056870748407561456,-2.1121077875921515,-1.0953919554909428
2023-12-07 00:00:00-05:00,192.0044117201268,193.3629052381858,191.96473906125271,192.6390380859375,47477700,0.0,0.0,AAPL,0.010139244688240234,0.6346263658107034,0.330526970773859
2023-12-08 00:00:00-05:00,192.56962283922067,194.3446036620394,192.04407357743747,194.06695556640625,53406400,0.0,0.0,AAPL,0.007412399348836862,1.4973327271855794,0.7775539595025979
2023-12-11 00:00:00-05:00,191.48879255742054,191.8656072016425,189.81297812056516,191.55819702148438,60943700,0.0,0.0,AAPL,-0.01292728346049321,0.06940446406383671,0.03624466118194611
2023-12-12 00:00:00-05:00,191.45905774250062,193.08528901898003,190.1104746012234,193.07537841796875,52696900,0.0,0.0,AAPL,0.007920211299097923,1.6163206754681312,0.8442121749298339
2023-12-13 00:00:00-05:00,193.45216455954898,196.33773797632358,193.214189106248,196.29808044433594,70404200,0.0,0.0,AAPL,0.016691418930645296,2.8459158847869617,1.4711212414017338
2023-12-14 00:00:00-05:00,196.35758232148717,197.9441408874326,194.51319682969313,196.4468231201172,66831600,0.0,0.0,AAPL,0.0007577388196795543,0.08924079863001566,0.04544810420608349
2023-12-15 00:00:00-05:00,195.87170428604514,196.7343956614167,195.34615492740625,195.911376953125,128538400,0.0,0.0,AAPL,-0.002725654497679475,0.03967266707985573,0.020254414604939035
2023-12-18 00:00:00-05:00,194.4437708037096,194.97924583916173,192.75804576345098,194.24545288085938,55751900,0.0,0.0,AAPL,-0.008503457523369007,-0.19831792285023653,-0.1019924279551428
2023-12-19 00:00:00-05:00,194.51317068155427,195.29653169314724,194.2454331909677,195.28662109375,40714100,0.0,0.0,AAPL,0.005360064791473995,0.7734504121957286,0.397633954289901
2023-12-20 00:00:00-05:00,195.24698053858313,196.0204310779547,193.19436645507812,193.19436645507812,52242800,0.0,0.0,AAPL,-0.01071376332364038,-2.0526140835050057,-1.0512910764831955
2023-12-21 00:00:00-05:00,194.45368523269553,195.42545358966169,191.875506993429,193.04559326171875,46482500,0.0,0.0,AAPL,-0.0007700700392522242,-1.408091970976784,-0.7241271716150673
2023-12-22 00:00:00-05:00,193.54140785907617,193.76948784569112,191.349969834571,191.9746856689453,37149600,0.0,0.0,AAPL,-0.005547433508733657,-1.5667221901308608,-0.8095023217314005
2023-12-26 00:00:00-05:00,191.9846022868164,192.2622504150879,191.21115176796184,191.42930603027344,28919300,0.0,0.0,AAPL,-0.002840893510368203,-0.5552962565429596,-0.2892399962958341
2023-12-27 00:00:00-05:00,190.87400998463178,191.8755253676685,189.48575421105227,191.52845764160156,48087700,0.0,0.0,AAPL,0.0005179541909452468,0.6544476569697792,0.34286892019634946
2023-12-28 00:00:00-05:00,192.51014548202977,193.0257841884141,191.5482876644632,191.95484924316406,34049900,0.0,0.0,AAPL,0.0022262571672788667,-0.5552962388657079,-0.28845037619980557
2023-12-29 00:00:00-05:00,192.27214410156537,192.76794644853246,190.1203637314106,190.9136505126953,42672100,0.0,0.0,AAPL,-0.005424185607052712,-1.3584935888700613,-0.7065472719503527
2024-01-02 00:00:00-05:00,185.5788148528252,186.85799339797134,182.34618895522584,184.0814971923828,82488700,0.0,0.0,AAPL,-0.035786615058508775,-1.497317660442377,-0.8068365247562536
2024-01-03 00:00:00-05:00,182.67340858873573,184.31947592788424,181.8900324473893,182.70315551757812,58414500,0.0,0.0,AAPL,-0.0074876709274273034,0.02974692884239971,0.016284214036521794
2024-01-04 00:00:00-05:00,180.62080322049852,181.552914127362,179.36147605378457,180.38282775878906,71983600,0.0,0.0,AAPL,-0.012699987322144612,-0.23797546170945338,-0.13175418194710237
2024-01-05 00:00:00-05:00,180.46214807824285,181.2256728170181,178.65742022872922,179.658935546875,62379700,0.0,0.0,AAPL,-0.004013088279567589,-0.8032125313678478,-0.4450864294376012
2024-01-08 00:00:00-05:00,180.56128223575337,184.04182414737613,179.9762391393372,184.0021514892578,59144500,0.0,0.0,AAPL,0.024174783899070906,3.440869253504445,1.9056517603878151
2024-01-09 00:00:00-05:00,182.37591925795493,183.59558869970448,181.1959073433652,183.58567810058594,42841800,0.0,0.0,AAPL,-0.0022634158638965562,1.209758842631004,0.6633325537457085
2024-01-10 00:00:00-05:00,182.80235807668967,184.8351358915854,182.37596012806688,184.6269073486328,46792900,0.0,0.0,AAPL,0.005671625688995041,1.824549271943141,0.9980994179395115
2024-01-11 00:00:00-05:00,184.97394287034564,185.4796709750172,182.07845882443647,184.03192138671875,49128400,0.0,0.0,AAPL,-0.00322263948661905,-0.9420214836268883,-0.5092725326654157
2024-01-12 00:00:00-05:00,184.49797017252533,185.17226924419936,183.63527891547233,184.35914611816406,40477800,0.0,0.0,AAPL,0.001778086806786705,-0.13882405436126533,-0.07524421771765293
2024-01-16 00:00:00-05:00,180.63073389939075,182.71309489982514,179.41104910197012,182.08839416503906,65603000,0.0,0.0,AAPL,-0.012317001900570612,1.4576602656483146,0.8069835261037109
2024-01-17 00:00:00-05:00,179.74818071767538,181.39423295178236,178.78632298828933,181.14633178710938,47317400,0.0,0.0,AAPL,-0.005173654159835284,1.3981510694339931,0.7778387874923883
2024-01-18 00:00:00-05:00,184.52771753168435,187.55211493445296,184.26990575318283,187.04640197753906,78005800,0.0,0.0,AAPL,0.03257074063947196,2.518684445854717,1.3649355660741027
2024-01-19 00:00:00-05:00,187.74052319933506,190.33852272040096,187.23481023986653,189.95179748535156,68903000,0.0,0.0,AAPL,0.015533020026556654,2.211274286016504,1.1778353699742625
2024-01-22 00:00:00-05:00,190.68558968364889,193.69015075906108,190.64591702187175,192.26223754882812,60133900,0.0,0.0,AAPL,0.012163296657694112,1.5766478651792397,0.826831155828256
2024-01-23 00:00:00-05:00,193.38276708914043,194.10663433692045,192.20275498822556,193.54141235351562,42355600,0.0,0.0,AAPL,0.006653281585587756,0.15864526437519544,0.08203691919563204
2024-01-24 00:00:00-05:00,193.77940103141137,194.73134826169684,192.7084660713482,192.86712646484375,53631300,0.0,0.0,AAPL,-0.003483935972525831,-0.9122745665676177,-0.4707799496292897
2024-01-25 00:00:00-05:00,193.58107445570798,194.62226243680658,191.48878789336808,192.53988647460938,54822100,0.0,0.0,AAPL,-0.0016967121159138232,-1.0411879810986022,-0.5378562878763387
2024-01-26 00:00:00-05:00,192.63904008919584,193.12491668531047,190.3285994330514,190.8045654296875,44594000,0.0,0.0,AAPL,-0.009012787307063896,-1.834474659508345,-0.9522860260614595
2024-01-29 00:00:00-05:00,190.3980247095346,190.5864320350317,187.98843240307312,190.12037658691406,47145600,0.0,0.0,AAPL,-0.003585809601739154,-0.2776481226205476,-0.1458251066649032
2024-01-30 00:00:00-05:00,189.3370433128274,190.1898241378468,185.8961730760029,186.4613800048828,55859400,0.0,0.0,AAPL,-0.019245683433403715,-2.875663307944592,-1.5188064932403897
2024-01-31 00:00:00-05:00,185.46976491576893,185.52927391668564,182.80236057287416,182.8519287109375,55467800,0.0,0.0,AAPL,-0.019357634775902577,-2.617836204831434,-1.4114625130518303
2024-02-01 00:00:00-05:00,182.44534401847454,185.3804852934909,182.27677304456427,185.29124450683594,64885400,0.0,0.0,AAPL,0.013340388658162006,2.8459004883613943,1.559864683679303
2024-02-02 00:00:00-05:00,178.35001646911297,185.75730456104918,177.7451370154647,184.28973388671875,102551700,0.0,0.0,AAPL,-0.005405061759840679,5.939717417605777,3.3303711068815236
2024-02-05 00:00:00-05:00,186.57041025788217,187.66118143341563,184.27980591994816,186.10435485839844,69668800,0.0,0.0,AAPL,0.009846565695271536,-0.46605539948373575,-0.24980134783406577
2024-02-06 00:00:00-05:00,185.29128192836527,187.7207107722996,185.2020411236872,187.71080017089844,43490800,0.0,0.0,AAPL,0.008631959814816348,2.4195182425331723,1.3057917336167888
2024-02-07 00:00:00-05:00,189.03952431241242,189.4460858813363,187.02656792958788,187.81985473632812,53439000,0.0,0.0,AAPL,0.0005809711818947072,-1.2196695760843,-0.64519289313733
2024-02-08 00:00:00-05:00,187.80000754030146,187.94874218828468,185.7771406742971,186.73899841308594,40962000,0.0,0.0,AAPL,-0.0057547500755953385,-1.0610091272155273,-0.564967563692902
2024-02-09 00:00:00-05:00,187.30492339729363,188.63538073939827,186.65956394365634,187.50350952148438,45155200,0.24,0.0,AAPL,0.004094008829945928,0.19858612419074007,0.10602290670679158
2024-02-12 00:00:00-05:00,187.07659264846137,187.32481018702742,185.45820944901192,185.81564331054688,41781900,0.0,0.0,AAPL,-0.009001784634564913,-1.2609493379144965,-0.6740283859477635
2024-02-13 00:00:00-05:00,184.44546335353002,184.88232857566155,182.20156746712615,183.7206573486328,56529500,0.0,0.0,AAPL,-0.01127454031635422,-0.7248060048972036,-0.3929649402696095
2024-02-14 00:00:00-05:00,183.9986922104331,184.2071864451767,181.13922150541597,182.83702087402344,54630500,0.0,0.0,AAPL,-0.004809674031007627,-1.161671336409654,-0.631347604949871
2024-02-15 00:00:00-05:00,182.2413002337134,183.17460050228618,180.05698915939104,182.54908752441406,65434500,0.0,0.0,AAPL,-0.0015748088009361894,0.30778729070067357,0.16888997735746786
2024-02-16 00:00:00-05:00,182.11221816970058,183.53203018346474,180.37469562592958,181.0101318359375,49752500,0.0,0.0,AAPL,-0.00843036637074801,-1.1020863337630828,-0.605168804619198
2024-02-20 00:00:00-05:00,180.49382826711656,181.12926445278407,178.7165976564194,180.26547241210938,53665600,0.0,0.0,AAPL,-0.004113910178812907,-0.22835585500718025,-0.12651726499436408
2024-02-21 00:00:00-05:00,180.64276986037862,181.5859933284812,179.3718974749363,181.0200653076172,41371400,0.0,0.0,AAPL,0.004186009031073468,0.37729544723856634,0.2088627447033631
2024-02-22 00:00:00-05:00,182.17181186595948,183.64127060390982,181.15909521547567,183.0554656982422,52292200,0.0,0.0,AAPL,0.011244059531003492,0.8836538322827039,0.4850661709029326
2024-02-23 00:00:00-05:00,183.6908798817894,183.72066477086588,180.9307023940782,181.21864318847656,45119700,0.0,0.0,AAPL,-0.01003424018375687,-2.4722366933128512,-1.345867957572967
2024-02-26 00:00:00-05:00,180.94066402116508,181.4569455981047,179.36198894745647,179.8683624267578,40867400,0.0,0.0,AAPL,-0.007451113958040101,-1.0723015944072642,-0.5926260966312329
2024-02-27 00:00:00-05:00,179.8087756065873,182.60866132395924,178.27974721589908,181.32786560058594,54318900,0.0,0.0,AAPL,0.00811428510348744,1.519089993998648,0.8448364040486777
2024-02-28 00:00:00-05:00,181.20872015618278,181.81437153541262,178.84569957246276,180.12649536132812,48953900,0.0,0.0,AAPL,-0.006625403300693389,-1.0822247948546533,-0.5972255606252778
2024-02-29 00:00:00-05:00,179.97755459220346,181.26828866128915,178.2499552858893,179.4612579345703,136682600,0.0,0.0,AAPL,-0.003693168100691535,-0.5162966576331485,-0.2868672478648702
2024-03-01 00:00:00-05:00,178.26982726346276,179.24283570733874,176.11530099131116,178.37904357910156,73563100,0.0,0.0,AAPL,-0.006030350884218771,0.10921631563880396,0.061264610683329224
2024-03-04 00:00:00-05:00,174.89406399657693,175.63871657984365,172.55088992856452,173.8515625,81510100,0.0,0.0,AAPL,-0.02538123867164843,-1.0425014965769321,-0.5960759746524823
2024-03-05 00:00:00-05:00,169.54249498191575,170.8133675141066,168.4106236594959,168.9070587158203,95132400,0.0,0.0,AAPL,-0.02844095107962974,-0.6354362660954394,-0.37479468859014853
2024-03-06 00:00:00-05:00,169.8403395327639,170.01906401050476,167.47730408815008,167.91416931152344,68587700,0.0,0.0,AAPL,-0.005878318004266303,-1.9261702212404543,-1.1341064358087185
2024-03-07 00:00:00-05:00,167.94396839769192,169.51270494606766,167.28868565722726,167.7950439453125,71765100,0.0,0.0,AAPL,-0.0007094420125435263,-0.14892445237941843,-0.08867508241008382
2024-03-08 00:00:00-05:00,167.7950495135339,172.46153602621885,167.73547973060533,169.51271057128906,76267000,0.0,0.0,AAPL,0.010236694634058408,1.7176610577551514,1.0236661109698648
2024-03-11 00:00:00-04:00,171.70695829072324,173.13669366515666,170.82330450374639,171.518310546875,60139500,0.0,0.0,AAPL,0.0118315610010995,-0.1886477438482359,-0.10986610311320617
2024-03-12 00:00:00-04:00,171.91544162555573,172.7891721100731,169.79070034274764,171.994873046875,59825400,0.0,0.0,AAPL,0.002778493435951601,0.07943142131927061,0.046203773534362315
2024-03-13 00:00:00-04:00,171.53815729817867,171.95516088785197,169.54247886546352,169.90985107421875,52488700,0.0,0.0,AAPL,-0.012122582119572844,-1.6283062239599246,-0.9492384957415031
2024-03-14 00:00:00-04:00,171.67715534575908,173.06716728584055,170.82328653971078,171.76651000976562,72913500,0.0,0.0,AAPL,0.010927317773563816,0.08935466400654946,0.052048080495385944
2024-03-15 00:00:00-04:00,169.94956266563446,171.38922119140625,169.0758321837892,171.38922119140625,121752700,0.0,0.0,AAPL,-0.0021965214193262472,1.4396585257717902,0.8471092853614643
2024-03-18 00:00:00-04:00,174.31819990832292,176.44294118443133,172.282813299669,172.48138427734375,75604200,0.0,0.0,AAPL,0.006372414077999489,-1.8368156309791743,-1.053714203075289
2024-03-19 00:00:00-04:00,173.09695515946524,175.35077434046616,171.79629786095623,174.82455444335938,55215200,0.0,0.0,AAPL,0.01358506122752301,1.7275992838941363,0.9980529595697328
2024-03-20 00:00:00-04:00,174.46712406809783,177.39608764648438,173.84161109695287,177.39608764648438,53423100,0.0,0.0,AAPL,0.014709222118785004,2.9289635783865435,1.6788054448833085
2024-03-21 00:00:00-04:00,175.78764197696165,176.22450721449738,169.6219124199128,170.14813232421875,106181300,0.0,0.0,AAPL,-0.040857469961284476,-5.639509652742902,-3.2081377219235945
2024-03-22 00:00:00-04:00,170.53535433298114,171.8161651814705,168.84747827799018,171.05165100097656,71160100,0.0,0.0,AAPL,0.005310188624557677,0.5162966679954195,0.30275051763596034
2024-03-25 00:00:00-04:00,169.3538487990515,170.7140758962492,168.24182406010684,169.63185119628906,54288300,0.0,0.0,AAPL,-0.008300415671985473,0.2780023972375716,0.16415475597926216
2024-03-26 00:00:00-04:00,168.78791039294236,170.19778406175462,168.37090678526505,168.49998474121094,57388400,0.0,0.0,AAPL,-0.006672487785141179,-0.2879256517314275,-0.17058428596048708
2024-03-27 00:00:00-04:00,169.19499314475576,172.36225110852925,168.89712909220745,172.07431030273438,60273300,0.0,0.0,AAPL,0.021212616529390438,2.879317157978619,1.7017744464312856
2024-03-28 00:00:00-04:00,170.52541861342735,171.00199196056712,169.29425438748996,170.25733947753906,65672700,0.0,0.0,AAPL,-0.01055922189662517,-0.2680791358882857,-0.15720772777928654
2024-04-01 00:00:00-04:00,169.969420845431,170.02899062252595,168.27160644825386,168.81768798828125,46240500,0.0,0.0,AAPL,-0.008455738200042417,-1.1517328571497387,-0.6776118030060928
2024-04-02 00:00:00-04:00,167.87446369081778,168.13260444031488,167.0305181193942,167.63616943359375,49329500,0.0,0.0,AAPL,-0.006998784124857327,-0.23829425722402675,-0.14194788890757346
2024-04-03 00:00:00-04:00,167.5865303145986,169.46305411699578,167.37803608655156,168.44039916992188,47691700,0.0,0.0,AAPL,0.004797471446916557,0.8538688553232703,0.5095092390303453
2024-04-04 00:00:00-04:00,169.0758380772312,170.69422114433502,167.6163330078125,167.6163330078125,53704400,0.0,0.0,AAPL,-0.004892330855129745,-1.4595050694186966,-0.8632250982851953
2024-04-05 00:00:00-04:00,168.3808338913719,169.17513298848516,167.74539764368038,168.37091064453125,42104800,0.0,0.0,AAPL,0.00450181449014031,-0.00992324684065693,-0.005893335132820846
2024-04-08 00:00:00-04:00,167.8248441796421,167.99363029110225,167.04048340873945,167.2489776611328,37425500,0.0,0.0,AAPL,-0.00666346092150738,-0.5758665185092866,-0.3431354405983365
2024-04-09 00:00:00-04:00,167.49718091534808,168.86734648560252,167.1496854743383,168.46026611328125,42373800,0.0,0.0,AAPL,0.00724242664491892,0.963085197933168,0.5749859147897568
2024-04-10 00:00:00-04:00,167.59647195447172,167.88439761067826,165.91851910107465,166.583740234375,49709300,0.0,0.0,AAPL,-0.011139278847181577,-1.012731720096724,-0.604267922997709
2024-04-11 00:00:00-04:00,167.13975023930564,174.208995705804,166.9610408919762,173.79197692871094,91070300,0.0,0.0,AAPL,0.04327094999904735,6.652226689405296,3.980038668168906
2024-04-12 00:00:00-04:00,173.0175330436537,177.0883063929916,172.96790166012116,175.2912139892578,101670900,0.0,0.0,AAPL,0.008626618368935635,2.2736809456040987,1.3141332589862038
2024-04-15 00:00:00-04:00,174.10968609239896,175.37063525095596,171.27007724910962,171.45872497558594,73531800,0.0,0.0,AAPL,-0.021863554518521067,-2.650961116813022,-1.5225810673199267
2024-04-16 00:00:00-04:00,170.52542991803605,172.5210932508517,167.0702464097302,168.17233276367188,73711200,0.0,0.0,AAPL,-0.019167249799518893,-2.3530971543641783,-1.3799098207787583
2024-04-17 00:00:00-04:00,168.4006757947001,169.43325389490929,166.80215454101562,166.80215454101562,50901200,0.0,0.0,AAPL,-0.00814746516349829,-1.5985212536844813,-0.9492368401379004
2024-04-18 00:00:00-04:00,166.83196113193097,167.4376124969012,165.36251763085394,165.84901428222656,43122900,0.0,0.0,AAPL,-0.005714196326850773,-0.9829468497044047,-0.589183776918554
2024-04-19 00:00:00-04:00,165.02494208062998,165.21357466916862,162.9101239696921,163.8235626220703,68149400,0.0,0.0,AAPL,-0.012212624047976073,-1.2013794585596713,-0.7279987154745893
2024-04-22 00:00:00-04:00,164.33985172403135,166.06743588145892,163.59519920100377,164.65756225585938,48116400,0.0,0.0,AAPL,0.005090840538690022,0.3177105318280269,0.19332531245162868
2024-04-23 00:00:00-04:00,164.1710551260113,165.85893104014463,163.74411316214608,165.70999145507812,49537800,0.0,0.0,AAPL,0.006391623833124527,1.5389363290668143,0.9373980863347602
2024-04-24 00:00:00-04:00,165.35258209827205,168.09291330855643,165.0249482926904,167.81491088867188,48251800,0.0,0.0,AAPL,0.012702429196397302,2.462328790399823,1.489138396965834
2024-04-25 00:00:00-04:00,168.32124662085997,169.3935480180457,166.95108119945704,168.67868041992188,50558300,0.0,0.0,AAPL,0.005147156034442046,0.35743379906190853,0.21235215769701407
2024-04-26 00:00:00-04:00,168.66876193087458,170.1183436596222,167.97374080476908,168.0928955078125,44838400,0.0,0.0,AAPL,-0.0034727857169091214,-0.5758664230620809,-0.34141853919464227
2024-04-29 00:00:00-04:00,172.13389200399433,174.77493022282954,171.8658279731322,172.26296997070312,68169400,0.0,0.0,AAPL,0.024808154147697437,0.1290779667087918,0.07498695649419032
2024-04-30 00:00:00-04:00,172.0941804408779,173.7423484830038,168.78792110938284,169.11557006835938,65934800,0.0,0.0,AAPL,-0.018270902347028106,-2.978610372518517,-1.7308024971488238
2024-05-01 00:00:00-04:00,168.37089789825708,171.47858587357683,167.90424778215495,168.0928955078125,50383100,0.0,0.0,AAPL,-0.006047193408232565,-0.2780023904445841,-0.16511308896895885
2024-05-02 00:00:00-04:00,171.27999852318183,172.1835138606425,169.67155396857694,171.79629516601562,94214900,0.0,0.0,AAPL,0.022031863077943026,0.5162966428337938,0.30143428729882654
2024-05-03 00:00:00-04:00,185.31919936550048,185.66670996286234,181.35765733555206,182.07252502441406,163224100,0.0,0.0,AAPL,0.059816364773570774,-3.2466743410864183,-1.7519363089212807
2024-05-06 00:00:00-04:00,181.04984964293004,182.8866500436298,179.13360267463952,180.41441345214844,78569700,0.0,0.0,AAPL,-0.009106874153820277,-0.6354361907816042,-0.3509730563349395
2024-05-07 00:00:00-04:00,182.14198851894085,183.58164691028847,180.02718583647587,181.09947204589844,77305800,0.0,0.0,AAPL,0.0037971389349760187,-1.0425164730424115,-0.5723647147587831
2024-05-08 00:00:00-04:00,181.5462890620128,181.76472167822584,180.1562619452029,181.43707275390625,45057100,0.0,0.0,AAPL,0.0018641727896493432,-0.10921630810653937,-0.06015893173626542
2024-05-09 00:00:00-04:00,181.25834986825006,183.34338298682428,180.81156138569682,183.2540283203125,48983000,0.0,0.0,AAPL,0.010014246475805288,1.9956784520624353,1.1010132518104792
2024-05-10 00:00:00-04:00,183.83068607894495,184.01958970422,181.07671637844012,181.99139404296875,50759500,0.25,0.0,AAPL,-0.006890076517918509,-1.8392920359762002,-1.0005359144372272
2024-05-13 00:00:00-04:00,184.3675441223296,186.01794745703555,183.55227916041125,185.2026824951172,72044800,0.0,0.0,AAPL,0.017645276410104493,0.8351383727875827,0.45297472326987254
2024-05-14 00:00:00-04:00,186.42556271379902,187.2110023802185,185.2126171602605,186.3460235595703,52393600,0.0,0.0,AAPL,0.0061734584459016695,-0.07953915422871205,-0.04266536899278172
2024-05-15 00:00:00-04:00,186.8232728469217,189.54741702859607,186.2863873072406,188.622802734375,70400000,0.0,0.0,AAPL,0.012218018561994448,1.7995298874533034,0.9632257587778119
2024-05-16 00:00:00-04:00,189.36845732702145,189.99481870677727,188.5631442219314,188.74209594726562,52845200,0.0,0.0,AAPL,0.0006324432208688613,-0.6263613797558207,-0.330763311164411
2024-05-17 00:00:00-04:00,188.4140234778259,189.7065083736888,188.0859301078384,188.77194213867188,41282900,0.0,0.0,AAPL,0.00015813213929005698,0.3579186608459679,0.18996391788644687
2024-05-20 00:00:00-04:00,188.2350632210391,190.81008101901142,187.91690657220929,189.93516540527344,44361300,0.0,0.0,AAPL,0.006162055935977184,1.7001021842343391,0.9031803932500915
2024-05-21 00:00:00-04:00,189.98487181213304,191.6153866469515,189.815856788038,191.2375946044922,42309400,0.0,0.0,AAPL,0.006857230447240736,1.252722792359151,0.6593802866566707
2024-05-22 00:00:00-04:00,191.15804664976199,191.70486886169914,189.1696132758398,189.79595947265625,34648500,0.0,0.0,AAPL,-0.007538450453831835,-1.3620871771057352,-0.7125450385048864
2024-05-23 00:00:00-04:00,189.87551988281993,189.89540846653745,185.55068591274116,185.7992401123047,51005900,0.0,0.0,AAPL,-0.021057979165923002,-4.076279770515242,-2.146816910906095
2024-05-24 00:00:00-04:00,187.7280219308774,189.47783802324832,186.95251887628444,188.8813018798828,36327000,0.0,0.0,AAPL,0.016588129024183385,1.153279949005423,0.6143355356027072
2024-05-28 00:00:00-04:00,190.40243380522858,191.88382214222983,188.00638309980087,188.8912353515625,52280100,0.0,0.0,AAPL,5.2591080116570765e-05,-1.5111984536660827,-0.7936865214716515
2024-05-29 00:00:00-04:00,188.51345399670836,191.13818582461732,188.41402624535667,189.18951416015625,53068000,0.0,0.0,AAPL,0.0015791034879866217,0.676060163447886,0.3586270099638038
2024-05-30 00:00:00-04:00,189.6567973718936,191.06858345257766,189.52755949973073,190.18373107910156,49889100,0.0,0.0,AAPL,0.0052551375447988935,0.5269337072079736,0.2778353924087
2024-05-31 00:00:00-04:00,190.33287039705309,191.45634025792617,188.81171987650453,191.13818359375,75158300,0.0,0.0,AAPL,0.005018581291011959,0.8053131966969147,0.4231077874341685
2024-06-03 00:00:00-04:00,191.7843976924141,193.86232215027837,191.40660565779223,192.90786743164062,50080500,0.0,0.0,AAPL,0.009258662003673424,1.1234697392265218,0.5857982988941336
2024-06-04 00:00:00-04:00,193.51434462038463,194.19041988861153,191.91365507081835,193.2260284423828,47471400,0.0,0.0,AAPL,0.00164928996923841,-0.2883161780018213,-0.148989563831771
2024-06-05 00:00:00-04:00,194.269945311189,195.76127042413225,193.74301165159252,194.7372283935547,54156800,0.0,0.0,AAPL,0.007820892264638557,0.4672830823656966,0.24053287378919308
2024-06-06 00:00:00-04:00,194.55827933508485,195.3635924798522,193.04706561878618,193.3552703857422,41181800,0.0,0.0,AAPL,-0.007096527044226142,-1.2030089493426601,-0.6183283247847478
2024-06-07 00:00:00-04:00,193.52429170702464,195.80105664694403,193.01724660656404,195.7513427734375,53103900,0.0,0.0,AAPL,0.012392071769831592,2.227051066412855,1.1507863156447438
2024-06-10 00:00:00-04:00,195.76126603853862,196.15896182874013,191.03873662001607,192.0031280517578,97010200,0.0,0.0,AAPL,-0.019147836579684996,-3.7581379867808096,-1.9197556609799216
2024-06-11 00:00:00-04:00,192.53006958414636,205.96194772636147,192.51019617172983,205.95199584960938,172373300,0.0,0.0,AAPL,0.07264916951817257,13.421926265463014,6.971340266200281
2024-06-12 00:00:00-04:00,206.17072098738436,218.92652361101457,205.7034379048798,211.8377685546875,198134300,0.0,0.0,AAPL,0.028578371774440336,5.667047567303143,2.748715986519692
2024-06-13 00:00:00-04:00,213.4981307613781,215.49650115847567,210.37629047483145,213.0010223388672,97862700,0.0,0.0,AAPL,0.005491248289274608,-0.49710842251090526,-0.23283970718531105
2024-06-14 00:00:00-04:00,212.61325905037393,213.92561727783075,210.07800329190465,211.26112365722656,70122700,0.0,0.0,AAPL,-0.008168499205006619,-1.352135393147364,-0.6359600521560163
2024-06-17 00:00:00-04:00,212.13602802573277,217.6837594401996,211.4897931914233,215.4169464111328,93728300,0.0,0.0,AAPL,0.019671497916716074,3.2809183854000423,1.546610642206451
2024-06-18 00:00:00-04:00,216.33160783720555,217.36560169939582,211.76815683093403,213.05068969726562,79943300,0.0,0.0,AAPL,-0.010984543014322945,-3.280918139939928,-1.516615243024909
2024-06-20 00:00:00-04:00,212.6927826496957,213.00100258632773,207.64217489543017,208.4673614501953,86172500,0.0,0.0,AAPL,-0.0215128533664124,-4.225421199500374,-1.9866312090427767
2024-06-21 00:00:00-04:00,209.17327704334386,210.66460227969185,205.91224707350656,206.29005432128906,241805100,0.0,0.0,AAPL,-0.010444355000034045,-2.8832227220547963,-1.3783896121000911
2024-06-24 00:00:00-04:00,206.51872529912245,211.4699209644532,205.39525540402906,206.93629455566406,80727000,0.0,0.0,AAPL,0.003132677610179435,0.41756925654161137,0.20219438016422123
2024-06-25 00:00:00-04:00,207.94042486793816,210.15753911842552,207.40355450398363,207.86090087890625,55549700,0.0,0.0,AAPL,0.004468072288756897,-0.07952398903191238,-0.03824364073624339
2024-06-26 00:00:00-04:00,210.2768443064002,213.61741321993355,209.42181728774156,212.0167236328125,66213200,0.0,0.0,AAPL,0.019993287512629854,1.7398793264123071,0.8274231678487056
2024-06-27 00:00:00-04:00,213.44841596012938,214.49234667698786,211.12195219378995,212.86183166503906,49772700,0.0,0.0,AAPL,0.003986044203240224,-0.5865842950903186,-0.27481314042634464
2024-06-28 00:00:00-04:00,214.52214161134154,214.8204096554565,209.08377504858177,209.40191650390625,82542700,0.0,0.0,AAPL,-0.016254276936681467,-5.120225107435289,-2.386804955878078
2024-07-01 00:00:00-04:00,210.86342163866271,216.25207446959737,210.6944066158183,215.49647521972656,60402900,0.0,0.0,AAPL,0.02910459855178371,4.633053581063848,2.1971822068803792
2024-07-02 00:00:00-04:00,214.89995598050683,219.10550398155982,213.85604047340246,218.9961395263672,58046200,0.0,0.0,AAPL,0.016240007188387917,4.096183545860356,1.9060885923270794
2024-07-03 00:00:00-04:00,218.72769869983824,220.26873779296875,217.76330717829083,220.26873779296875,37369800,0.0,0.0,AAPL,0.005811053424749302,1.5410390931305074,0.7045468417080946
2024-07-05 00:00:00-04:00,220.36812707547224,225.14037030398515,220.36812707547224,225.031005859375,60412400,0.0,0.0,AAPL,0.021620263111882476,4.662878783902755,2.1159497272969063
2024-07-08 00:00:00-04:00,225.7766827586142,226.53229721329785,221.95889400104966,226.50247192382812,59085900,0.0,0.0,AAPL,0.006538948083326224,0.7257891652139108,0.3214632956539084
2024-07-09 00:00:00-04:00,226.6118203351868,228.07332019577044,225.0608446065374,227.35748291015625,48076100,0.0,0.0,AAPL,0.0037748417448426608,0.7456625749694581,0.3290484026237163
2024-07-10 00:00:00-04:00,227.97390377810078,231.73204187894612,227.9241899064988,231.6326141357422,62627700,0.0,0.0,AAPL,0.01880356507674441,3.658710357641411,1.6048812153528897
2024-07-11 00:00:00-04:00,230.0518217466028,231.04603853364384,224.46432825800636,226.25392150878906,64710600,0.0,0.0,AAPL,-0.02322079145470024,-3.797900237813735,-1.6508890079544956
2024-07-12 00:00:00-04:00,227.59609977127653,231.29458734662404,227.357482286545,229.20672607421875,53046500,0.0,0.0,AAPL,0.013050843696934544,1.6106263029422223,0.7076686747096399
2024-07-15 00:00:00-04:00,235.11237576276483,235.8580383346859,231.7419815445035,233.04440307617188,62631300,0.0,0.0,AAPL,0.016743300110270143,-2.0679726865929524,-0.8795677725955169
2024-07-16 00:00:00-04:00,233.64092682357534,234.9035862928846,230.98637002864072,233.46197509765625,43234300,0.0,0.0,AAPL,0.001791813130770148,-0.1789517259190916,-0.07659262799202123
2024-07-17 00:00:00-04:00,228.1230311101644,230.1214164943178,225.32928445945876,227.55633544921875,57345900,0.0,0.0,AAPL,-0.025295938004324614,-0.5666956609456406,-0.24841668032719325
2024-07-18 00:00:00-04:00,228.94822726389444,229.10730558155058,220.9845567217071,222.8834991455078,66034600,0.0,0.0,AAPL,-0.020534854784360568,-6.0647281183866255,-2.648951769954606
2024-07-19 00:00:00-04:00,223.5198165983548,225.4883615119168,221.9887143107171,223.01275634765625,49151500,0.0,0.0,AAPL,0.0005799316802006516,-0.5070602506985438,-0.2268524815451535
2024-07-22 00:00:00-04:00,225.69712847330965,226.46267958300487,221.7998008147913,222.66477966308594,48201800,0.0,0.0,AAPL,-0.001560344306169914,-3.0323488102237093,-1.343547802639548
2024-07-23 00:00:00-04:00,223.07241159149987,225.6275559695254,221.3921828247117,223.70870971679688,39960300,0.0,0.0,AAPL,0.004688348356172378,0.636298125297003,0.2852428593734937
2024-07-24 00:00:00-04:00,222.70453756630337,223.499913948863,215.87427379105335,217.27610778808594,61777600,0.0,0.0,AAPL,-0.02875436516018648,-5.428429778217435,-2.4375029972621407
2024-07-25 00:00:00-04:00,217.663867640833,219.57277716709376,213.3787958392943,216.23220825195312,51391200,0.0,0.0,AAPL,-0.0048044837822248665,-1.431659388879865,-0.6577386519852919
2024-07-26 00:00:00-04:00,217.43518879671294,218.22062848355827,214.76074345207394,216.69947814941406,41601300,0.0,0.0,AAPL,0.002160963444060471,-0.7357106472988733,-0.33835859382756694
2024-07-29 00:00:00-04:00,215.70527849563507,218.0317421116191,214.50226952108,216.97787475585938,36311800,0.0,0.0,AAPL,0.0012847128605144587,1.2725962602243044,0.589969920578488
2024-07-30 00:00:00-04:00,217.92238139381377,219.05578793157815,214.87012855591783,217.53463745117188,41643800,0.0,0.0,AAPL,0.0025659883337827427,-0.38774394264189027,-0.17792754473492428
2024-07-31 00:00:00-04:00,220.1593561933901,222.52559687691686,219.35404306544518,220.795654296875,50036300,0.0,0.0,AAPL,0.014990793576195927,0.6362981034849042,0.28901706222558804
2024-08-01 00:00:00-04:00,223.07240511518174,223.1817695634113,215.76492117798517,217.09716796875,62501000,0.0,0.0,AAPL,-0.01675072066025418,-5.975237146431738,-2.6786088325655832
2024-08-02 00:00:00-04:00,217.88258518105536,224.29529507499745,216.45092586682142,218.58848571777344,105568600,0.0,0.0,AAPL,0.006869356072107369,0.705900536718076,0.3239820824282441
2024-08-05 00:00:00-04:00,197.93858949976783,212.26525508834706,194.86646368766287,208.05972290039062,119548600,0.0,0.0,AAPL,-0.04816705135592936,10.121133400622796,5.113269436849588
2024-08-06 00:00:00-04:00,204.11269368890086,208.7755724881847,199.90716125146164,206.03152465820312,69660500,0.0,0.0,AAPL,-0.009748154106494211,1.9188309693022632,0.9400840950278461
2024-08-07 00:00:00-04:00,205.70344110024527,212.40446750854989,205.19639601521322,208.6065673828125,63516400,0.0,0.0,AAPL,0.012498294757956385,2.9031262825672286,1.411316343100187
2024-08-08 00:00:00-04:00,211.87752992550045,212.96122253044004,207.6222834948103,212.0763702392578,47161100,0.0,0.0,AAPL,0.016633238828372532,0.19884031375735844,0.09384681510459081
2024-08-09 00:00:00-04:00,210.8733840757052,215.5263113015057,210.7441310403627,214.98944091796875,42201600,0.0,0.0,AAPL,0.013735951230325671,4.116056842263561,1.9519091327267097
2024-08-12 00:00:00-04:00,215.06908018890428,218.49313190431408,214.60125621149956,216.52230834960938,38028100,0.25,0.0,AAPL,0.007129966128083032,1.4532281607050948,0.6757029692174547
2024-08-13 00:00:00-04:00,217.9954546002453,220.8621181746332,217.9954546002453,220.2449951171875,44155300,0.0,0.0,AAPL,0.017193086458173523,2.2495405169422042,1.0319208357198806
2024-08-14 00:00:00-04:00,219.54821978702563,221.99681536538918,218.68223972219693,220.69288635253906,41960600,0.0,0.0,AAPL,0.002033604600700567,1.1446665655134325,0.5213736493166853
2024-08-15 00:00:00-04:00,223.55954635601313,224.30607198028108,221.72805861485108,223.67898559570312,46414000,0.0,0.0,AAPL,0.013530564090742825,0.1194392396899957,0.05342614155236816
2024-08-16 00:00:00-04:00,222.88270038911833,225.77922361016536,222.6139468974481,225.00283813476562,44340200,0.0,0.0,AAPL,0.005918537834642024,2.1201377456472983,0.9512347714496772
2024-08-19 00:00:00-04:00,224.67435623990076,224.94310972106823,222.00676340736013,224.84356689453125,40687800,0.0,0.0,AAPL,-0.0007078632498803694,0.1692106546304899,0.07531373738523664
2024-08-20 00:00:00-04:00,224.72414631778543,226.11765487642407,224.4056213968942,225.46070861816406,30299000,0.0,0.0,AAPL,0.002744760422353165,0.7365623003786368,0.3277628650269981
2024-08-21 00:00:00-04:00,225.4706659840429,226.92389412945442,224.00747444255492,225.35121154785156,34765500,0.0,0.0,AAPL,-0.00048565921301146897,-0.11945443619134721,-0.052980034307345894
2024-08-22 00:00:00-04:00,226.73474533285912,227.28220046938023,222.86276654997636,223.48985290527344,43695300,0.0,0.0,AAPL,-0.008259812005416589,-3.2448924275856825,-1.4311403498488955
2024-08-23 00:00:00-04:00,224.61464290366072,227.16278137803022,223.29080225181497,225.78916931152344,38677300,0.0,0.0,AAPL,0.010288236250370453,1.1745264078627144,0.5229073192554412
2024-08-26 00:00:00-04:00,225.70952621277567,226.2271215594374,222.8528263811224,226.12757873535156,30602200,0.0,0.0,AAPL,0.0014987850163938887,0.4180525225758913,0.1852170484739729
2024-08-27 00:00:00-04:00,224.9530683997657,227.7898720189865,223.84820980142854,226.97366333007812,35934600,0.0,0.0,AAPL,0.0037416249687827197,2.020594930312427,0.8982295483614446
2024-08-28 00:00:00-04:00,226.864148811834,228.79516410710562,224.6345202420592,225.44078063964844,38052200,0.0,0.0,AAPL,-0.006753570735651748,-1.423368172185576,-0.6274099189494009
2024-08-29 00:00:00-04:00,229.03408635152135,231.8410150307569,227.8197366882459,228.7255096435547,51906300,0.0,0.0,AAPL,0.01457025208387952,-0.30857670796666525,-0.13472959980859006
2024-08-30 00:00:00-04:00,229.12366833084764,229.3326870197365,226.42621547495946,227.93917846679688,52990800,0.0,0.0,AAPL,-0.0034378814063338314,-1.1844898640507608,-0.5169653020483215
2024-09-03 00:00:00-04:00,227.4912604304481,227.9391727978887,220.1454429272487,221.738037109375,50190600,0.0,0.0,AAPL,-0.02720524571130356,-5.753223321073108,-2.5289865246634675
2024-09-04 00:00:00-04:00,220.6331648046219,220.75260404502964,216.47252073588626,219.82691955566406,43840200,0.0,0.0,AAPL,-0.008618807934915762,-0.8062452489578504,-0.3654234165891641
2024-09-05 00:00:00-04:00,220.60331260233696,224.43546851590304,220.49382156548631,221.34983825683594,36615400,0.0,0.0,AAPL,0.006927808042118455,0.7465256544989813,0.3384018334505613
2024-09-06 00:00:00-04:00,222.91254804497814,224.1965806221913,218.75191919539128,219.79705810546875,48423000,0.0,0.0,AAPL,-0.0070150498577075115,-3.115489939509388,-1.3976287861914172
2024-09-09 00:00:00-04:00,219.79706302441255,220.24497537072617,215.7061019102892,219.8866424560547,67180000,0.0,0.0,AAPL,0.0004075775688632266,0.08957943164213589,0.04075551802627428
2024-09-10 00:00:00-04:00,217.905857501112,220.45399594379384,215.72600018375593,219.09034729003906,51591000,0.0,0.0,AAPL,-0.0036213894446761596,1.184489788927067,0.5435786823312092
2024-09-11 00:00:00-04:00,220.43410202901993,222.05654079085224,216.88063262193214,221.6285400390625,44587100,0.0,0.0,AAPL,0.011585141839513868,1.1944380100425747,0.5418571804671711
2024-09-12 00:00:00-04:00,221.46928361366915,222.51442259643306,218.8017058249269,221.738037109375,37455600,0.0,0.0,AAPL,0.0004940567234399396,0.2687534957058517,0.12135023481390093
2024-09-13 00:00:00-04:00,222.54426752163744,223.00212806640087,220.8820056188433,221.46926879882812,36766600,0.0,0.0,AAPL,-0.0012120983573706834,-1.0749987228093119,-0.4830493882322951
2024-09-16 00:00:00-04:00,215.53686848493908,216.213726272445,212.92901053484562,215.31790161132812,59357400,0.0,0.0,AAPL,-0.027775263000879846,-0.21896687361095246,-0.10159137745209149
2024-09-17 00:00:00-04:00,214.75053008791312,215.89519659483264,213.50632075947794,215.78570556640625,45519300,0.0,0.0,AAPL,0.0021726198870475333,1.0351754784931302,0.482036285577203
2024-09-18 00:00:00-04:00,216.54221012404864,221.67831024616868,216.5322467283196,219.66766357421875,59894900,0.0,0.0,AAPL,0.017989875638995345,3.125453450170113,1.443346056355323
2024-09-19 00:00:00-04:00,223.94775287051627,228.75538000957175,223.58941994126667,227.8097686767578,66781300,0.0,0.0,AAPL,0.03706556062944655,3.862015806241544,1.7245164359717922
2024-09-20 00:00:00-04:00,228.90467282845125,232.01021467188832,226.56555305015522,227.1428680419922,318679900,0.0,0.0,AAPL,-0.002927445291917685,-1.7618047864590665,-0.769667462306207
2024-09-23 00:00:00-04:00,226.2868480598011,228.38707413181643,224.7639369712135,225.42088317871094,54146000,0.0,0.0,AAPL,-0.007581065072062465,-0.8659648810901501,-0.38268458309220893
2024-09-24 00:00:00-04:00,227.59078065470555,228.28755007923567,224.6843092769655,226.31671142578125,43556100,0.0,0.0,AAPL,0.003974025096690426,-1.2740692289243043,-0.5598070472183523
2024-09-25 00:00:00-04:00,223.88801837861104,226.2370864319121,222.98224544035924,225.32135009765625,42308700,0.0,0.0,AAPL,-0.004398090277356381,1.4333317190452135,0.6402002793295283
2024-09-26 00:00:00-04:00,226.24703661091274,227.44147457763864,224.36579263659118,226.4660186767578,36636700,0.0,0.0,AAPL,0.005080160307070036,0.21898206584506852,0.09678892113918022
2024-09-27 00:00:00-04:00,227.40166606122023,228.45675318264773,226.24703611440785,226.73475646972656,34026000,0.0,0.0,AAPL,0.001186658354039194,-0.6669095914936634,-0.29327383701494975
2024-09-30 00:00:00-04:00,228.97432934379907,231.92062377929688,228.58613663255096,231.92062377929688,54541900,0.0,0.0,AAPL,0.02287195571739664,2.946294435497805,1.2867356982511429
2024-10-01 00:00:00-04:00,228.4567427059963,228.58613014733984,222.70352002656801,225.16207885742188,63285000,0.0,0.0,AAPL,-0.029141629630604293,-3.29466384857443,-1.442139027962231
2024-10-02 00:00:00-04:00,224.84356992020335,226.31670960653594,221.98686997976517,225.7294464111328,32880600,0.0,0.0,AAPL,0.00251981841964688,0.8858764909294621,0.39399680908991896
2024-10-03 00:00:00-04:00,224.09704443839323,225.75930638603796,222.28548343692833,224.6245880126953,34044200,0.0,0.0,AAPL,-0.004894613511899348,0.5275435743020864,0.23540853723624813
2024-10-04 00:00:00-04:00,226.8442543024003,226.9437971307691,223.09172964492672,225.74935913085938,37245100,0.0,0.0,AAPL,0.005007337478568852,-1.0948951715409123,-0.48266383246424904
2024-10-07 00:00:00-04:00,223.4600360693569,224.64452599576788,220.30472246057153,220.66305541992188,39505400,0.0,0.0,AAPL,-0.022530755925597723,-2.796980649435028,-1.2516692911330727
2024-10-08 00:00:00-04:00,223.26094483680066,224.93315503301397,222.2158058701156,224.72413635253906,31855700,0.0,0.0,AAPL,0.01840399121134695,1.4631915157384014,0.6553728045932824
2024-10-09 00:00:00-04:00,224.1866374402548,228.68570318762718,223.78849648056692,228.47666931152344,33591100,0.0,0.0,AAPL,0.016698397510348073,4.2900318712686385,1.9135983840303246
2024-10-10 00:00:00-04:00,226.72481576308653,228.43684913724616,226.11764095959848,227.97897338867188,28183500,0.0,0.0,AAPL,-0.0021783227335696598,1.25415762558535,0.5531629263273357
2024-10-11 00:00:00-04:00,228.23778864704394,228.34727968813561,226.28686151162026,226.4958953857422,31759200,0.0,0.0,AAPL,-0.00650532801725201,-1.7418932613017546,-0.7631923143084286
2024-10-14 00:00:00-04:00,227.64055393917852,230.65651637799863,227.54102629778745,230.228515625,39882100,0.0,0.0,AAPL,0.01647985820184883,2.587961685821483,1.1368631999168919
2024-10-15 00:00:00-04:00,232.527799450427,236.38983016358188,231.29353829774286,232.76669311523438,64751400,0.0,0.0,AAPL,0.011024600855128686,0.23889366480736385,0.10273767926758967
2024-10-16 00:00:00-04:00,230.52712470524975,231.0447048824563,228.7752681420796,230.70628356933594,34082200,0.0,0.0,AAPL,-0.008851822906116524,0.1791588640861903,0.07771704276243478
2024-10-17 00:00:00-04:00,232.348638945834,232.76670668063704,229.4521309302649,231.07456970214844,32993800,0.0,0.0,AAPL,0.0015963420116462679,-1.2740692436855738,-0.5483437516423711
2024-10-18 00:00:00-04:00,235.0859033854084,235.0859033854084,232.92595759952005,233.911376953125,46431500,0.0,0.0,AAPL,0.012276587833240038,-1.1745264322833862,-0.49961584908722695
2024-10-21 00:00:00-04:00,233.36392650842956,235.75281781754072,233.36392650842956,235.384521484375,36254500,0.0,0.0,AAPL,0.006297874649958679,2.0205949759454427,0.8658557499341933
2024-10-22 00:00:00-04:00,232.80651969699693,235.12572795126604,231.52250221800776,234.76739501953125,38846600,0.0,0.0,AAPL,-0.0026217801448966682,1.9608753225343207,0.8422768078344393
2024-10-23 00:00:00-04:00,232.99563706556216,234.05072423456664,226.7049068825192,229.69100952148438,52287000,0.0,0.0,AAPL,-0.021623043087497518,-3.304627544077789,-1.4183216414253743
2024-10-24 00:00:00-04:00,228.91461372105516,229.75073396519565,227.35189464165862,229.50189208984375,31109500,0.0,0.0,AAPL,-0.0008233558293579968,0.5872783687885885,0.2565490945476373
2024-10-25 00:00:00-04:00,228.6757355296476,232.1396101862481,228.50652487676712,230.33799743652344,38802300,0.0,0.0,AAPL,0.003643130516555182,1.662261906875841,0.7269078649843592
2024-10-28 00:00:00-04:00,232.23917058038825,233.6426273223557,231.4727332926884,232.31878662109375,36087100,0.0,0.0,AAPL,0.008599489474662825,0.07961604070550266,0.034281917433021496
2024-10-29 00:00:00-04:00,232.02018805231754,233.24448591818899,231.24380255804743,232.58753967285156,35417200,0.0,0.0,AAPL,0.0011568287509875486,0.5673516205340263,0.24452683419345211
2024-10-30 00:00:00-04:00,231.5324398883544,232.38845656475567,228.48661770128336,229.03407287597656,47070900,0.0,0.0,AAPL,-0.015277975775801034,-2.4983670123778268,-1.0790570053952468
2024-10-31 00:00:00-04:00,228.27758291037028,228.76531846185907,224.32597264925337,224.8634796142578,64370100,0.0,0.0,AAPL,-0.018209488262373785,-3.414103296112472,-1.495592888528598
2024-11-01 00:00:00-04:00,219.9463649274566,224.30607958110733,219.2496106921502,221.87738037109375,65276700,0.0,0.0,AAPL,-0.013279609691562944,1.9310154436371363,0.877948332664661
2024-11-04 00:00:00-05:00,219.96627293386246,221.75792231303782,218.69220372782075,220.98153686523438,44944500,0.0,0.0,AAPL,-0.004037561216745256,1.0152639313719192,0.46155436368973707
2024-11-05 00:00:00-05:00,220.7725208689619,222.91255498009295,220.11557465497725,222.4148712158203,28111300,0.0,0.0,AAPL,0.006486217676457073,1.6423503468584215,0.7439106734815191
2024-11-06 00:00:00-05:00,221.57875664968802,225.02273483375984,220.16533664224426,221.68824768066406,54561100,0.0,0.0,AAPL,-0.0032669737018221623,0.10949103097604507,0.04941404701044893
2024-11-07 00:00:00-05:00,223.5894200604507,226.82436463330757,223.52970043689453,226.42620849609375,42137700,0.0,0.0,AAPL,0.021372178566067213,2.836788435643058,1.268748957296857
2024-11-08 00:00:00-05:00,226.366414165256,227.8511489598711,225.60910803907555,226.15716552734375,38328800,0.25,0.0,AAPL,-0.0011882147854568315,-0.20924863791225334,-0.09243802296549786
2024-11-11 00:00:00-05:00,224.20409384410638,224.90161465065876,220.7164746065314,223.4368133544922,42005600,0.0,0.0,AAPL,-0.012028591561573432,-0.767280489614194,-0.34222412109374756
2024-11-12 00:00:00-05:00,223.75568869738083,224.79200315214243,222.5698957238352,223.4368133544922,40398300,0.0,0.0,AAPL,0.0,-0.3188753428886457,-0.14251049649062097
2024-11-13 00:00:00-05:00,223.21759527142092,225.8482560889112,221.97201694486657,224.32366943359375,48566200,0.0,0.0,AAPL,0.0039691582859022745,1.1060741621728312,0.4955138777603544
2024-11-14 00:00:00-05:00,224.2240421118748,228.06041440281584,224.204108600429,227.4127197265625,44923900,0.0,0.0,AAPL,0.013770505362935781,3.188677614687691,1.4220944304878447
2024-11-15 00:00:00-05:00,225.59912786989784,226.1172926822584,223.47667285882866,224.20408630371094,47923700,0.0,0.0,AAPL,-0.014109296202558852,-1.3950415661869044,-0.6183718790754456
2024-11-18 00:00:00-05:00,224.45320372664565,228.92732633570628,224.3734848929754,227.21340942382812,44633700,0.0,0.0,AAPL,0.013422249209323889,2.760205697182471,1.2297466248439193
2024-11-19 00:00:00-05:00,226.17708394083317,229.34584301691135,225.8582238051146,227.4724884033203,36211800,0.0,0.0,AAPL,0.001140245112069671,1.2954044624871415,0.5727390414256172
2024-11-20 00:00:00-05:00,227.25326410482543,229.11664435033194,225.0909420304879,228.18994140625,35169600,0.0,0.0,AAPL,0.003154020989376116,0.9366773014245666,0.4121733102995186
2024-11-21 00:00:00-05:00,228.07036655131708,229.34583747298603,224.9115819089953,227.71163940429688,42108300,0.0,0.0,AAPL,-0.0020960696120325695,-0.35872714702020403,-0.1572879249700721
2024-11-22 00:00:00-05:00,227.2532593649619,229.9038535446,227.2532593649619,229.05685424804688,38168300,0.0,0.0,AAPL,0.005907536598783958,1.803594883084969,0.7936497316363897
2024-11-25 00:00:00-05:00,230.64124862727573,232.42491005721112,228.92733167542056,232.04624938964844,90152800,0.0,0.0,AAPL,0.01305088708833968,1.4050007623727083,0.6091715036815633
2024-11-26 00:00:00-05:00,232.50462429580293,234.73670603206307,232.50462429580293,234.22850036621094,45986200,0.0,0.0,AAPL,0.009404379438592514,1.7238760704080107,0.7414373265173502
2024-11-27 00:00:00-05:00,233.640604190904,234.85628986853752,232.9829351774668,234.09896850585938,33498400,0.0,0.0,AAPL,-0.0005530149411751006,0.4583643149553609,0.19618350009951127
2024-11-29 00:00:00-05:00,233.97938842310504,236.96877632211965,233.14236346053607,236.490478515625,28481400,0.0,0.0,AAPL,0.010215807549385891,2.5110900925199644,1.0732099564168271
2024-12-02 00:00:00-05:00,236.4306920263062,239.93822952974793,236.32108052902282,238.7424774169922,48137100,0.0,0.0,AAPL,0.009522577464861515,2.3117853906859978,0.9777856550150349
2024-12-03 00:00:00-05:00,238.96170621081686,241.90126799408412,238.05492154808562,241.79165649414062,38861000,0.0,0.0,AAPL,0.012771833107112718,2.829950283323768,1.184269366082919
2024-12-04 00:00:00-05:00,242.01088645785893,243.2465056559754,240.3966217802532,242.150390625,44383900,0.0,0.0,AAPL,0.0014836497506194313,0.1395041671410695,0.05764375693295978
2024-12-05 00:00:00-05:00,243.12691898237586,243.6749612569442,241.27349790971317,242.18026733398438,40033900,0.0,0.0,AAPL,0.00012338080028384546,-0.9466516483914802,-0.3893652140017052
2024-12-06 00:00:00-05:00,242.0507319698173,243.7646488451358,241.2236661935451,241.98097229003906,36870600,0.0,0.0,AAPL,-0.0008229202409396619,-0.06975967977822961,-0.028820272184480876
2024-12-09 00:00:00-05:00,240.97455722335047,246.36542364679892,240.89483838917155,245.8771514892578,44649200,0.0,0.0,AAPL,0.01610118003224148,4.902594265907339,2.0344862637773433
2024-12-10 00:00:00-05:00,246.0166626912396,247.33200068563022,244.47214254503118,246.8935546875,36914800,0.0,0.0,AAPL,0.004133784664764217,0.8768919962604116,0.35643601805985997
2024-12-11 00:00:00-05:00,247.0828737526952,249.91282389632013,245.38887516358946,245.61807250976562,45205800,0.0,0.0,AAPL,-0.005166121810465163,-1.4648012429295818,-0.5928380306907466
2024-12-12 00:00:00-05:00,246.01666340683192,247.8601253939288,244.81093690846672,247.0828857421875,32777500,0.0,0.0,AAPL,0.005963784413150819,1.066222335355576,0.433394356540959
2024-12-13 00:00:00-05:00,246.9433725816478,248.40815863747187,245.36895982515324,247.2522735595703,33155300,0.0,0.0,AAPL,0.0006855505870995149,0.30890097792251936,0.1250898028536426
2024-12-16 00:00:00-05:00,247.11276354004562,250.49077111704125,246.7739547032778,250.15196228027344,51694800,0.0,0.0,AAPL,0.011727652405204347,3.0391987402278176,1.2298833523163215
2024-12-17 00:00:00-05:00,249.1953766416157,252.93211150871377,248.89643481128522,252.58334350585938,51356400,0.0,0.0,AAPL,0.009719616841789014,3.3879668642436798,1.359562488639642
2024-12-18 00:00:00-05:00,251.26802371656945,253.38051965426092,246.86366065893745,247.1725616455078,56774100,0.0,0.0,AAPL,-0.021421768297346322,-4.0954620710616325,-1.6299177310684456
2024-12-19 00:00:00-05:00,246.6245097734382,251.1085917693189,246.21595643132494,248.90640258789062,60882300,0.0,0.0,AAPL,0.007014698277349574,2.2818928144524193,0.9252498125789208
2024-12-20 00:00:00-05:00,247.16260139536695,254.09798847685343,244.82092317346877,253.5897979736328,147495300,0.0,0.0,AAPL,0.018815889575554134,6.427196578265864,2.6003920261321305
2024-12-23 00:00:00-05:00,253.8688035675433,254.74568039470608,252.55346551957817,254.36703491210938,40858800,0.0,0.0,AAPL,0.0030649377249687415,0.4982313445660793,0.19625544279745344
2024-12-24 00:00:00-05:00,254.58626151312842,257.2966260773909,254.386956808638,257.28668212890625,23234700,0.0,0.0,AAPL,0.011478088022709665,2.70042061577783,1.0607094820152247
2024-12-26 00:00:00-05:00,257.27667867815336,259.1799258751944,256.7186620602343,258.1037292480469,27237100,0.0,0.0,AAPL,0.003175629272296643,0.8270505698935153,0.32146348209358483
2024-12-27 00:00:00-05:00,256.917949151404,257.78489719249416,252.16483330495137,254.68588256835938,42355300,0.0,0.0,AAPL,-0.013242143728976585,-2.2320665830446274,-0.8687857700939574
2024-12-30 00:00:00-05:00,251.33776924994547,252.60328106925755,249.86300878941353,251.30787658691406,35557500,0.0,0.0,AAPL,-0.013263420600231446,-0.029892663031404254,-0.011893422592478404
2024-12-31 00:00:00-05:00,251.5470385357527,252.38406352835983,248.54767617168994,249.5341796875,39480700,0.0,0.0,AAPL,-0.007057864335583752,-2.012858848252705,-0.8001918289197489
2025-01-02 00:00:00-05:00,248.0494437119358,248.21885574509324,240.96460876578237,242.9874267578125,55740700,0.0,0.0,AAPL,-0.026235896572911255,-5.062016954123294,-2.0407290088511156
2025-01-03 00:00:00-05:00,242.49916076660156,243.31625226562878,241.03435939639962,242.49916076660156,40244100,0.0,0.0,AAPL,-0.002009429038061228,0.0,0.0
2025-01-06 00:00:00-05:00,243.4457849039297,246.45510633108967,242.33971076643533,244.1333465576172,45045600,0.0,0.0,AAPL,0.006738933800222391,0.6875616536874816,0.2824290648362682
2025-01-07 00:00:00-05:00,242.12049100282684,244.681407317594,240.496267218822,241.3532257080078,40856000,0.0,0.0,AAPL,-0.011387714496238432,-0.7672652948190262,-0.3168939942427541
2025-01-08 00:00:00-05:00,241.06422159829904,242.84789810210984,239.20084146962273,241.84146118164062,37628900,0.0,0.0,AAPL,0.0020229084247811446,0.7772395833415828,0.32242013277140213
2025-01-10 00:00:00-05:00,239.16098682233465,239.31046533751606,232.1757893628752,236.01217651367188,61710900,0.0,0.0,AAPL,-0.024103743996115368,-3.1488103086627746,-1.3166070062262827
2025-01-13 00:00:00-05:00,232.7039288898965,233.8398957390806,228.90740850459227,233.5708465576172,49630700,0.0,0.0,AAPL,-0.010344084750700366,0.8669176677206849,0.37254105328443576
2025-01-14 00:00:00-05:00,233.91960476413306,235.28475371553364,231.6476711610837,232.45480346679688,39435300,0.0,0.0,AAPL,-0.00477817804434344,-1.4648012973361801,-0.6261986030684241
2025-01-15 00:00:00-05:00,233.80997931617492,238.11470496290485,233.60071548412043,237.02854919433594,39832000,0.0,0.0,AAPL,0.01967584949558754,3.21856987816102,1.376575066459689
2025-01-16 00:00:00-05:00,236.51041752509497,237.1680713225123,227.22337827123218,227.4525604248047,71759100,0.0,0.0,AAPL,-0.040400149273495556,-9.057857100290278,-3.8297920214568104
2025-01-17 00:00:00-05:00,231.2989028272768,231.4682996512766,227.67177943063626,229.16647338867188,68488300,0.0,0.0,AAPL,0.007535254651194867,-2.1324294386049303,-0.921936685621604
2025-01-21 00:00:00-05:00,223.20762199269615,223.62613445935494,218.6039696546368,221.85243225097656,98070400,0.0,0.0,AAPL,-0.03191584279123816,-1.3551897417195846,-0.607143129621232
2025-01-22 00:00:00-05:00,219.0125058897086,223.32719072748344,219.0125058897086,223.03822326660156,64126500,0.0,0.0,AAPL,0.005344953866827762,4.02571737689297,1.8381221476550116
2025-01-23 00:00:00-05:00,223.94503224654224,226.2269251350915,221.51366083038826,222.8688507080078,60234800,0.0,0.0,AAPL,-0.0007593880372303019,-1.0761815385344278,-0.4805561113539924
2025-01-24 00:00:00-05:00,223.9848686181573,224.831867935065,220.6267944226493,221.991943359375,54697900,0.0,0.0,AAPL,-0.0039346339600490055,-1.992925258782293,-0.8897588801767553
2025-01-27 00:00:00-05:00,223.22755241503756,231.32878288695173,223.18768539696657,229.04689025878906,94863400,0.0,0.0,AAPL,0.031780193427979775,5.819337843751498,2.6069084128700424
2025-01-28 00:00:00-05:00,230.03341371427896,239.3403714135585,229.99354669273774,237.4171905517578,75707600,0.0,0.0,AAPL,0.03654404686966739,7.383776837478848,3.209871434873425
2025-01-29 00:00:00-05:00,233.2918357915463,239.01153699982427,233.1822242894862,238.5133056640625,45486100,0.0,0.0,AAPL,0.00461683128234025,5.221469872516195,2.2381708536006144
2025-01-30 00:00:00-05:00,237.825723654139,239.93821947161274,236.37089679279623,236.74954223632812,55658300,0.0,0.0,AAPL,-0.0073948219485020505,-1.0761814178108864,-0.4525084172038246
2025-01-31 00:00:00-05:00,246.31561143302469,246.31561143302469,232.61424963135997,235.16519165039062,100959800,0.0,0.0,AAPL,-0.006692095667732989,-11.15041978263406,-4.52688309838045
2025-02-03 00:00:00-05:00,229.1764524471141,231.00994009075862,224.90161912474946,227.2034454345703,73063300,0.0,0.0,AAPL,-0.03385597230587034,-1.9730070125437749,-0.8609117522661173
2025-02-04 00:00:00-05:00,226.44613087124998,232.3053359547129,225.84824721606736,231.97650146484375,45067300,0.0,0.0,AAPL,0.021007850568216746,5.530370593593773,2.442245567330168
2025-02-05 00:00:00-05:00,227.72160926815613,231.84696405052938,227.46253445166022,231.64767456054688,39620300,0.0,0.0,AAPL,-0.0014175009202245237,3.9260652923907458,1.724063563843677
2025-02-06 00:00:00-05:00,230.47183871784506,232.9729696905443,229.61488023403817,232.39501953125,29925300,0.0,0.0,AAPL,0.0032262139998637807,1.9231808134049402,0.8344537120473936
2025-02-07 00:00:00-05:00,231.77720359418535,233.1722451327125,226.4560818290891,226.8247833251953,39707200,0.0,0.0,AAPL,-0.02396882780573384,-4.952420268990039,-2.1367158599691907
2025-02-10 00:00:00-05:00,229.0094413336025,230.02693972945139,226.64521806905947,227.0941162109375,33115600,0.25,0.0,AAPL,0.0011874050171847284,-1.9153251226649957,-0.8363520348817867
2025-02-11 00:00:00-05:00,227.64279618723114,234.6556296697615,227.57297502290857,232.052001953125,53718400,0.0,0.0,AAPL,0.021831854672898388,4.409205765893859,1.9368966818819888
2025-02-12 00:00:00-05:00,230.63545743654387,236.38140252594314,230.11672290007743,236.29161071777344,45243300,0.0,0.0,AAPL,0.018270080537830635,5.656153281229564,2.4524213857211334
2025-02-13 00:00:00-05:00,236.33153226758247,241.74826634141837,234.99480784534867,240.94024658203125,53614100,0.0,0.0,AAPL,0.01967330050413918,4.608714314448775,1.9501055446256046
2025-02-14 00:00:00-05:00,240.66092045804314,244.9504238462646,240.40156080072015,244.00274658203125,40896200,0.0,0.0,AAPL,0.01271062034444026,3.3418261239881133,1.3886035662240923
2025-02-18 00:00:00-05:00,243.55383619329416,244.58131995427482,241.2494791133952,243.87306213378906,48822500,0.0,0.0,AAPL,-0.0005314876576546501,0.3192259404949027,0.1310699701898976
2025-02-19 00:00:00-05:00,244.06260076305156,245.40929524371262,242.56626341463,244.27207946777344,32204200,0.0,0.0,AAPL,0.001636168138018812,0.20947870472187446,0.08582990760032386
2025-02-20 00:00:00-05:00,244.34191013103748,246.1774135823035,243.69348816231408,245.229736328125,32316900,0.0,0.0,AAPL,0.003920451581851392,0.8878261970875201,0.36335403804095256
2025-02-21 00:00:00-05:00,245.34944139409683,248.08275639920348,244.6212281548445,244.95042419433594,53197400,0.0,0.0,AAPL,-0.0011389815035128814,-0.3990171997608911,-0.16263220225554245
2025-02-24 00:00:00-05:00,244.3319283268952,248.25234005966587,243.82317911276243,246.49664306640625,51326400,0.0,0.0,AAPL,0.006312374747486027,2.164714739511055,0.8859729280304506
2025-02-25 00:00:00-05:00,247.3944454522674,249.38956194785018,244.3119941197594,246.43678283691406,48013300,0.0,0.0,AAPL,-0.00024284399473972762,-0.9576626153533425,-0.38709948139806366
2025-02-26 00:00:00-05:00,243.7333937698084,244.3818005030484,238.5460942392985,239.77308654785156,44433600,0.0,0.0,AAPL,-0.027040185366615344,-3.960307221956839,-1.6248521225192114
2025-02-27 00:00:00-05:00,238.82541422357912,241.86796980219768,236.48114634623442,236.72056579589844,41153600,0.0,0.0,AAPL,-0.012730873159711109,-2.104848427680679,-0.8813335190995215
2025-02-28 00:00:00-05:00,236.37142201455794,241.49887076126774,229.63790389196947,241.24948120117188,56833400,0.0,0.0,AAPL,0.019131905122169668,4.878059186613939,2.0637262935760075
2025-03-03 00:00:00-05:00,241.19958958341564,243.43412542285543,235.53346633482454,237.4487762451172,47184000,0.0,0.0,AAPL,-0.015754251313333967,-3.7508133382984568,-1.555066219132719
2025-03-04 00:00:00-05:00,237.1295800554318,239.4838181516717,234.10696453181083,235.35391235351562,53798100,0.0,0.0,AAPL,-0.0088223823459046,-1.775667701916177,-0.7488174615335185
2025-03-05 00:00:00-05:00,234.84515699420854,235.97240266650644,228.67026910680244,235.1643829345703,47227600,0.0,0.0,AAPL,-0.0008052953828132647,0.31922594036177543,0.13593039109154284
2025-03-06 00:00:00-05:00,233.86756011302523,237.27920752401755,232.59068676229822,234.75538635253906,45170400,0.0,0.0,AAPL,-0.0017391944176556873,0.8878262395138279,0.37962778552303394
2025-03-07 00:00:00-05:00,234.53591456798168,240.78062356819368,234.1867631010968,238.4862518310547,46273600,0.0,0.0,AAPL,0.01589256603004152,3.95033726307301,1.6843208300739716
2025-03-10 00:00:00-04:00,234.96486230654432,235.583358769024,223.6725108894593,226.92454528808594,72071200,0.0,0.0,AAPL,-0.04847955156408401,-8.040317018458381,-3.4219231503511667
2025-03-11 00:00:00-04:00,223.26351528828414,225.2885573705892,216.91904404485373,220.30076599121094,76137400,0.0,0.0,AAPL,-0.02918934700724396,-2.962749297073202,-1.3270190130472581
2025-03-12 00:00:00-04:00,219.60246770742089,221.20853706339403,214.38524243690583,216.45018005371094,62547500,0.0,0.0,AAPL,-0.01747876781169988,-3.152287653709948,-1.4354518355912922
2025-03-13 00:00:00-04:00,215.4227092543014,216.31053552178076,207.9110965632093,209.1680145263672,61368300,0.0,0.0,AAPL,-0.03364361039356367,-6.254694727934208,-2.903451892135796
2025-03-14 00:00:00-04:00,210.7341834889886,213.42758776028128,209.06826301296118,212.96871948242188,60107600,0.0,0.0,AAPL,0.018170583894774106,2.234535993433269,1.0603576299001483
2025-03-17 00:00:00-04:00,212.78914514941675,214.69448503570536,209.4573042902151,213.4774627685547,48073400,0.0,0.0,AAPL,0.002388816946306438,0.6883176191379334,0.32347402808287473
2025-03-18 00:00:00-04:00,213.63706605687162,214.62463892519543,210.97358751075308,212.170654296875,42432400,0.0,0.0,AAPL,-0.006121528964846634,-1.4664117599966175,-0.6864032478363323
2025-03-19 00:00:00-04:00,213.6969181399133,218.22582565599035,213.22806456968678,214.7144317626953,54385400,0.0,0.0,AAPL,0.011989299247109786,1.017513622782019,0.4761480098256843
2025-03-20 00:00:00-04:00,213.46749271646212,216.9589465476154,211.70181037410745,213.5772247314453,48862900,0.0,0.0,AAPL,-0.005296369796450651,0.1097320149831944,0.051404555132404064
2025-03-21 00:00:00-04:00,211.04340788811464,218.30563028145062,210.764092813104,217.73703002929688,94127800,0.0,0.0,AAPL,0.0194768206351692,6.693622141182232,3.171680275714121
2025-03-24 00:00:00-04:00,220.460369765545,220.93919345594836,218.04628066528426,220.19102478027344,44299500,0.0,0.0,AAPL,0.011270452024841005,-0.269344985271573,-0.1221738789416056
2025-03-25 00:00:00-04:00,220.23093972638688,223.55281053469957,219.54262209652958,223.2036590576172,34493600,0.0,0.0,AAPL,0.013681912241200633,2.9727193312303086,1.3498191193860367
2025-03-26 00:00:00-04:00,222.96422035625233,224.47054292972726,219.93165022699972,220.9890594482422,34466100,0.0,0.0,AAPL,-0.009921878605060552,-1.9751609080101389,-0.8858645144293671
2025-03-27 00:00:00-04:00,220.84940592957574,224.4406214835582,220.0214308095873,223.30340576171875,37094800,0.0,0.0,AAPL,0.010472673711788838,2.453999832143012,1.1111643347256914
2025-03-28 00:00:00-04:00,221.12873402087155,223.26350805320467,217.1484711493609,217.36793518066406,39818600,0.0,0.0,AAPL,-0.02658029581236332,-3.7607988402074852,-1.7007282463130806
2025-03-31 00:00:00-04:00,216.48010744476517,225.06908447075043,215.7020132379398,221.58761596679688,65299300,0.0,0.0,AAPL,0.019412618437147255,5.107508522031708,2.3593431203995903
2025-04-01 00:00:00-04:00,219.27326790744206,223.13381331282267,218.36548628233527,222.64501953125,36412700,0.0,0.0,AAPL,0.004771943413171442,3.3717516238079384,1.5376938812400953
2025-04-02 00:00:00-04:00,220.77959080525144,224.6401362151353,220.4803202973195,223.3433074951172,35905900,0.0,0.0,AAPL,0.0031363286964034565,2.5637166898657426,1.1612109074552928
2025-04-03 00:00:00-04:00,205.03811566571247,206.9833664271943,200.75859747782033,202.69386291503906,103419000,0.0,0.0,AAPL,-0.09245607048480542,-2.344252750673405,-1.1433253485880641
2025-04-04 00:00:00-04:00,193.4165691841804,199.39194860307396,186.88255957870848,187.92002868652344,125910900,0.0,0.0,AAPL,-0.07288742745362853,-5.496540497656952,-2.8418147012125345
2025-04-07 00:00:00-04:00,176.76731422169505,193.6759230716255,174.19361217758157,181.0169219970703,160466300,0.0,0.0,AAPL,-0.0367342786061855,4.249607775375267,2.404068757895798
2025-04-08 00:00:00-04:00,186.244123618335,189.87523506652792,168.79683943762106,171.99899291992188,120859500,0.0,0.0,AAPL,-0.049818154997102404,-14.245130698413135,-7.648633643660776
2025-04-09 00:00:00-04:00,171.53013119082922,200.1201531468693,171.47028013366514,198.3644561767578,184395900,0.0,0.0,AAPL,0.15328847459654016,26.83432498592859,15.644088184177448
2025-04-10 00:00:00-04:00,188.6083530498886,194.30440235729913,182.55316692796467,189.95504760742188,121880000,0.0,0.0,AAPL,-0.042393726837042345,1.346694557533283,0.7140163920402137
2025-04-11 00:00:00-04:00,185.64558871717136,199.05275825525484,185.60567786476867,197.66615295410156,87435900,0.0,0.0,AAPL,0.04059436926686022,12.020564236930198,6.475006661883774
2025-04-14 00:00:00-04:00,210.9237150406947,212.42005238891582,200.66881763194172,202.02549743652344,101352900,0.0,0.0,AAPL,0.02205407661995684,-8.898217604171265,-4.218689966870004
2025-04-15 00:00:00-04:00,201.36710824854455,203.01307326666696,199.31214069618733,201.64642333984375,51343900,0.0,0.0,AAPL,-0.001876367594633943,0.2793150912991962,0.13870939188064493
2025-04-16 00:00:00-04:00,197.8756484915953,200.2099310657198,191.9002692932641,193.79563903808594,59732400,0.0,0.0,AAPL,-0.038933417075920684,-4.080009453509376,-2.061905790131964
2025-04-17 00:00:00-04:00,196.71848747425943,198.34451232255947,193.9452767059697,196.4990234375,52164700,0.0,0.0,AAPL,0.013949665806890499,-0.21946403675943316,-0.11156248687005077
2025-04-21 00:00:00-04:00,192.79807124065385,193.32677585155812,189.3465132845993,192.68833923339844,46742500,0.0,0.0,AAPL,-0.019392891310289984,-0.10973200725541687,-0.056915510901790874
2025-04-22 00:00:00-04:00,195.64111763020085,201.097762433896,195.49148998245192,199.25228881835938,52976400,0.0,0.0,AAPL,0.034065110587777614,3.6111711881585222,1.845814025139811
2025-04-23 00:00:00-04:00,205.49700887470834,207.4921254657249,202.30482537338813,204.10043334960938,52929200,0.0,0.0,AAPL,0.02433168803229968,-1.3965755250989673,-0.6796086876137747
2025-04-24 00:00:00-04:00,204.38970763388747,208.32008954356945,202.44447210591895,207.8612060546875,47311000,0.0,0.0,AAPL,0.018426088780694405,3.4714984208000317,1.6984702708310266
2025-04-25 00:00:00-04:00,205.86608387594285,209.2378355121778,205.69650080604464,208.76898193359375,38222300,0.0,0.0,AAPL,0.004367221263343435,2.9028980576509014,1.410090483578742
2025-04-28 00:00:00-04:00,209.48723454234343,210.98357193193158,206.95344326011445,209.62689208984375,38743100,0.0,0.0,AAPL,0.004109375580146679,0.13965754750032033,0.06666637602306574
2025-04-29 00:00:00-04:00,208.18042396697467,211.72175863443914,207.86119803545407,210.69427490234375,36827600,0.0,0.0,AAPL,0.005091821959763321,2.513850935369078,1.2075347371604306
2025-04-30 00:00:00-04:00,208.78894157113288,213.0584895980106,206.16535854293033,211.9811248779297,52286500,0.0,0.0,AAPL,0.006107664653832723,3.1921833067968066,1.528904396361075
2025-05-01 00:00:00-04:00,208.56948083895412,214.0360957896086,208.3899124386699,212.79913330078125,57365700,0.0,0.0,AAPL,0.0038588738658813515,4.229652461827129,2.0279345016412225
2025-05-02 00:00:00-04:00,205.58677037884885,206.48458191182934,201.66637387157866,204.8485870361328,101010600,0.0,0.0,AAPL,-0.037361741757710676,-0.7381833427160416,-0.35906169514494557
2025-05-05 00:00:00-04:00,202.6040848015313,203.60164304236298,197.72602561272546,198.40435791015625,69018500,0.0,0.0,AAPL,-0.03145849927117084,-4.199726891375036,-2.0728737505411314
2025-05-06 00:00:00-04:00,197.72601327833053,200.16004244803628,196.53891661034845,198.0252685546875,51216500,0.0,0.0,AAPL,-0.0019106906696092496,0.29925527635697335,0.15134846012179712
2025-05-07 00:00:00-04:00,198.6836658614824,198.95301083885846,192.77812311451905,195.7707977294922,68536700,0.0,0.0,AAPL,-0.011384763377168206,-2.9128681319902228,-1.466083343771705
2025-05-08 00:00:00-04:00,197.2372161152265,199.56152863729463,194.20463054641704,197.00778198242188,50478900,0.0,0.0,AAPL,0.006318533035958307,-0.229434132804613,-0.11632395615976297
2025-05-09 00:00:00-04:00,198.51409591462888,200.0503289543839,197.05765414160055,198.0452423095703,36453900,0.0,0.0,AAPL,0.0052660880535218,-0.46885360505856966,-0.23618151794127532
2025-05-12 00:00:00-04:00,210.7308445260501,211.03050749278242,206.5156271207593,210.55104064941406,63775800,0.26,0.0,AAPL,0.06314616899655467,-0.17980387663604347,-0.08532394820532145
2025-05-13 00:00:00-04:00,210.19144790738707,213.1580823159532,208.76307628033234,212.68861389160156,51909300,0.0,0.0,AAPL,0.010152280585241868,2.49716598421449,1.188043571265931
2025-05-14 00:00:00-04:00,212.18917192393894,213.69746987061376,210.34127831689767,212.08929443359375,49325800,0.0,0.0,AAPL,-0.0028178257737542234,-0.09987749034519311,-0.04707002220688013
2025-05-15 00:00:00-04:00,210.71086343228015,212.71859464512332,209.30245815432872,211.21029663085938,45029500,0.0,0.0,AAPL,-0.004144470399044975,0.49943319857922575,0.23702299465909474
2025-05-16 00:00:00-04:00,212.11926693678467,212.32903558469047,209.53220664773164,211.0205078125,54737900,0.0,0.0,AAPL,-0.0008985774907133148,-1.098759124284669,-0.5179911943652524
2025-05-19 00:00:00-04:00,207.67431083672193,209.24252311349682,204.02843943795537,208.54331970214844,46140500,0.0,0.0,AAPL,-0.01173908704907789,0.8690088654265082,0.4184479350985986
2025-05-20 00:00:00-04:00,207.4345828831543,208.2336790492342,204.79757620413463,206.62550354003906,42496600,0.0,0.0,AAPL,-0.00919624836148425,-0.8090793431152292,-0.3900407212094307
2025-05-21 00:00:00-04:00,204.93741112479617,206.80528635778637,200.4824756537251,201.86090087890625,59211800,0.0,0.0,AAPL,-0.023059121838798324,-3.0765102458899207,-1.501195037550507
2025-05-22 00:00:00-04:00,200.48247209416806,202.52015274475195,199.4736073247078,201.13172912597656,46742400,0.0,0.0,AAPL,-0.0036122485818445016,0.6492570318085029,0.32384727952852765
2025-05-23 00:00:00-04:00,193.45045269257122,197.4758830409797,193.24069928507132,195.04864501953125,78432900,0.0,0.0,AAPL,-0.03024427887573744,1.5981923269600316,0.8261507299235203
2025-05-27 00:00:00-04:00,198.07520901450675,200.51244545494848,197.20618488735448,199.98304748535156,56288500,0.0,0.0,AAPL,0.025298317070217013,1.9078384708448084,0.9631889221962557
2025-05-28 00:00:00-04:00,200.36260025266836,202.50017366149785,199.67338002302156,200.1927947998047,45339700,0.0,0.0,AAPL,0.0010488254734115632,-0.16980545286367033,-0.08474907624952772
2025-05-29 00:00:00-04:00,203.3492174371598,203.57895243464628,198.28495762525483,199.72332763671875,51396800,0.0,0.0,AAPL,-0.00234507522388816,-3.6258898004410582,-1.7830852000015944
2025-05-30 00:00:00-04:00,199.14398126681596,201.73105672211125,196.55692105301176,200.622314453125,70819900,0.0,0.0,AAPL,0.004501160816033689,1.4783331863090439,0.7423438945555437
2025-06-02 00:00:00-04:00,200.05295557621693,201.9008644592711,199.89313329888972,201.47134399414062,35423300,0.0,0.0,AAPL,0.00423197959474253,1.418388417923694,0.7090064797284692
2025-06-03 00:00:00-04:00,201.1217444882778,203.5389992121068,200.7321872237246,203.03956604003906,46381600,0.0,0.0,AAPL,0.007783846649397574,1.91782155176125,0.9535625084402689
2025-06-04 00:00:00-04:00,202.67998220748078,206.00620910456834,201.8709028727957,202.590087890625,43604000,0.0,0.0,AAPL,-0.002213746602105271,-0.08989431685577642,-0.04435283439276841
2025-06-05 00:00:00-04:00,203.26931435006063,204.5178973620389,199.92310578136215,200.40257263183594,55126100,0.0,0.0,AAPL,-0.010797740805414291,-2.866741718224688,-1.410317010902946
2025-06-06 00:00:00-04:00,202.76987228695742,205.4668084267123,201.82095228760733,203.68882751464844,46607700,0.0,0.0,AAPL,0.01639826694665114,0.9189552276910149,0.4532010684459675
2025-06-09 00:00:00-04:00,204.15830357568726,205.76647909477697,199.79326227022588,201.2216339111328,72862600,0.0,0.0,AAPL,-0.012112562253018933,-2.9366696645544437,-1.4384277362814868
2025-06-10 00:00:00-04:00,200.3726011094186,204.11835001917973,200.34263633745982,202.44024658203125,54672600,0.0,0.0,AAPL,0.00605607184084711,2.0676454726126394,1.0319003003227714
2025-06-11 00:00:00-04:00,203.26930749599725,204.26817387189894,198.18508130061548,198.55465698242188,60989900,0.0,0.0,AAPL,-0.019193760456297837,-4.7146505135753785,-2.3194109192644436
2025-06-12 00:00:00-04:00,198.85432303920933,199.45363372918547,197.13627162659284,198.97418212890625,43904600,0.0,0.0,AAPL,0.002112895022762018,0.1198590896969165,0.060274822224148046
2025-06-13 00:00:00-04:00,199.50357538920457,200.1428492549886,195.47814514596445,196.227294921875,51447300,0.0,0.0,AAPL,-0.013805244367089187,-3.2762804673295705,-1.6422164168927746
2025-06-16 00:00:00-04:00,197.07634287373045,198.46476655376847,196.33717625414866,198.195068359375,43020700,0.0,0.0,AAPL,0.010028031208825672,1.1187254856445463,0.5676609730683552
2025-06-17 00:00:00-04:00,196.97644196425614,198.16509536417735,194.98870767431248,195.418212890625,38856200,0.0,0.0,AAPL,-0.014010719296581597,-1.5582290736311393,-0.7910738249165347
2025-06-18 00:00:00-04:00,195.71787336797544,197.3460303816964,194.84886452825484,196.35714721679688,45394700,0.0,0.0,AAPL,0.004804743182752258,0.639273848821432,0.32663028563544255
2025-06-20 00:00:00-04:00,198.01527480684123,201.47134391409438,196.6368343380514,200.7721405029297,96813500,0.0,0.0,AAPL,0.02248450514132916,2.756865696088454,1.3922490064353394
2025-06-23 00:00:00-04:00,201.40143343464243,202.07067208145295,198.73446202428119,201.27157592773438,55814300,0.0,0.0,AAPL,0.00248757334336136,-0.12985750690805276,-0.06447695266786338
2025-06-24 00:00:00-04:00,202.36033429336192,203.2093768046809,199.9730442780961,200.07293701171875,54064000,0.0,0.0,AAPL,-0.005955331300461331,-2.287397281643166,-1.130358520918
2025-06-25 00:00:00-04:00,201.2216365357081,203.43912119943792,200.39257558111612,201.33151245117188,39525700,0.0,0.0,AAPL,0.0062905831155934955,0.10987591546378894,0.054604423935440335
2025-06-26 00:00:00-04:00,201.20164572639828,202.41028074115465,199.23389299836737,200.7721405029297,50799100,0.0,0.0,AAPL,-0.0027783626191049127,-0.42950522346859543,-0.2134700349581897
2025-06-27 00:00:00-04:00,201.66113009938155,202.98962419564972,199.77327327657756,200.85205078125,73188600,0.0,0.0,AAPL,0.00039801477495893245,-0.8090793181315519,-0.4012073708665749
2025-06-30 00:00:00-04:00,201.78098710410558,207.15489297707504,199.0341046248948,204.93740844726562,91912800,0.0,0.0,AAPL,0.020340134193924886,3.156421343160048,1.5642808514617608
2025-07-01 00:00:00-04:00,206.4357061767528,209.95171998702364,205.90630823197938,207.58441162109375,78788900,0.0,0.0,AAPL,0.012916154224275056,1.1487054443409477,0.5564470728515405
2025-07-02 00:00:00-04:00,208.6731759252599,213.09814660534315,207.9040445567577,212.1991729736328,67941800,0.0,0.0,AAPL,0.022230770203315764,3.525997048372915,1.6897222332188087
2025-07-03 00:00:00-04:00,211.90950026104147,214.40666625629999,211.56988934364432,213.30792236328125,34955800,0.0,0.0,AAPL,0.005225041050401336,1.3984221022397776,0.6599147751833335
2025-07-07 00:00:00-04:00,212.43889126622693,215.9848699115094,208.56330013289198,209.7119903564453,50229000,0.0,0.0,AAPL,-0.016857939297312052,-2.7269009097816195,-1.283616617243726
2025-07-08 00:00:00-04:00,209.86183643928914,211.1903153368944,208.213697736729,209.7719268798828,42848900,0.0,0.0,AAPL,0.0002858039892503772,-0.08990955940632261,-0.04284226276287853
2025-07-09 00:00:00-04:00,209.2924745188519,211.09043707809712,206.98509558510867,210.90065002441406,48749400,0.0,0.0,AAPL,0.005380715910463962,1.6081755055621727,0.7683866843560672
2025-07-10 00:00:00-04:00,210.27134950514616,213.23798377907798,209.7918979255535,212.16920471191406,44443600,0.0,0.0,AAPL,0.006014939675876629,1.8978552067679004,0.9025743218152754
2025-07-11 00:00:00-04:00,210.33129628612954,211.88952536572023,209.6220944658076,210.92062377929688,39765800,0.0,0.0,AAPL,-0.005884835805047839,0.5893274931673318,0.280190111302136
2025-07-14 00:00:00-04:00,209.69201166358403,210.67091168904602,207.3047216270235,208.3834991455078,38840100,0.0,0.0,AAPL,-0.012028812490351148,-1.3085125180762134,-0.6240163884619049
2025-07-15 00:00:00-04:00,208.9828312368767,211.64980271899068,208.6831682659836,208.87295532226562,42296300,0.0,0.0,AAPL,0.0023488240612374867,-0.10987591461108082,-0.05257652696193941
2025-07-16 00:00:00-04:00,210.06160887608695,212.1592191902425,208.40348697906978,209.92176818847656,47490500,0.0,0.0,AAPL,0.0050212956703405975,-0.1398406876103877,-0.06657127323673799
2025-07-17 00:00:00-04:00,210.33130094399476,211.5599023237274,209.35240091776063,209.78192138671875,48068100,0.0,0.0,AAPL,-0.0006661853268702389,-0.5493795572760121,-0.2611972420701644
2025-07-18 00:00:00-04:00,210.63095139102305,211.54990664350106,209.46227954032304,210.9405975341797,48974600,0.0,0.0,AAPL,0.005523241182089356,0.3096461431566411,0.14700885179111334
2025-07-21 00:00:00-04:00,211.8595616297783,215.53538252867688,211.39009321998003,212.23912048339844,51377400,0.0,0.0,AAPL,0.0061558702516160135,0.3795588536201251,0.17915587604367791
2025-07-22 00:00:00-04:00,212.89838571641525,214.7063314773177,211.9894136266437,214.15695190429688,46404100,0.0,0.0,AAPL,0.009036182474420285,1.2585661878816268,0.5911581638566584
2025-07-23 00:00:00-04:00,214.75626907170553,214.90609293027538,212.1692088371252,213.9072265625,46989300,0.0,0.0,AAPL,-0.0011660856188711044,-0.8490425092055318,-0.39535167605377
2025-07-24 00:00:00-04:00,213.65751035981805,215.44548969662856,213.28793468034502,213.51766967773438,46022600,0.0,0.0,AAPL,-0.0018211487803653226,-0.13984068208367262,-0.06545086191829559
2025-07-25 00:00:00-04:00,214.45660521718813,214.9960015887686,213.15807589620647,213.63754272460938,40268800,0.0,0.0,AAPL,0.0005614197975087887,-0.8190624925787517,-0.3819245817815949
2025-07-28 00:00:00-04:00,213.78737619229818,214.60645396318566,212.81847455673218,213.80735778808594,37858000,0.0,0.0,AAPL,0.0007948746335069146,0.019981595787754713,0.009346480668616094
2025-07-29 00:00:00-04:00,213.93719187335407,214.5664825639156,210.58101550100253,211.03050231933594,51411700,0.0,0.0,AAPL,-0.012987651582609505,-2.9066895540181292,-1.3586649093434968
2025-07-30 00:00:00-04:00,211.65977882345743,212.14922883427738,207.48452469073794,208.81301879882812,45512500,0.0,0.0,AAPL,-0.010507881543836084,-2.8467600246293046,-1.3449697625375243
2025-07-31 00:00:00-04:00,208.25365677749065,209.60211724381097,206.92516266487007,207.33470153808594,80698400,0.0,0.0,AAPL,-0.007079622090835236,-0.9189552394047098,-0.4412672764668765
2025-08-01 00:00:00-04:00,210.63095505795985,213.33788973606855,201.27158167093614,202.1505889892578,104434500,0.0,0.0,AAPL,-0.0250035932739211,-8.48036606870204,-4.026172727730583
2025-08-04 00:00:00-04:00,204.27816503495924,207.64435521756303,201.4513712516652,203.11949157714844,75109300,0.0,0.0,AAPL,0.004792974350137147,-1.1586734578108064,-0.5672037721762951
2025-08-05 00:00:00-04:00,203.1694082424696,205.1072113881769,201.93082373064988,202.68995666503906,44155100,0.0,0.0,AAPL,-0.0021146907604691068,-0.4794515774305239,-0.2359861071497188
2025-08-06 00:00:00-04:00,205.39689808550258,215.1358452662651,205.35693489516686,213.0082550048828,108483100,0.0,0.0,AAPL,0.05090680618623611,7.611356919380228,3.7056825055906026
2025-08-07 00:00:00-04:00,218.63187314031333,220.59964108330854,216.33447747046458,219.7805633544922,90224800,0.0,0.0,AAPL,0.03179364268982976,1.1486902141788562,0.5253992465415375
2025-08-08 00:00:00-04:00,220.57966572513484,230.73813503605493,219.00145500716468,229.0900115966797,113854000,0.0,0.0,AAPL,0.04235792328538146,8.510345871544843,3.8581733468349784
2025-08-11 00:00:00-04:00,227.9199981689453,229.55999755859375,224.75999450683594,227.17999267578125,61806100,0.26,0.0,AAPL,-0.008337416841468825,-0.7400054931640625,-0.3246777374118504
2025-08-12 00:00:00-04:00,228.00999450683594,230.8000030517578,227.07000732421875,229.64999389648438,55626200,0.0,0.0,AAPL,0.010872441677679756,1.6399993896484375,0.7192664484710861
2025-08-13 00:00:00-04:00,231.07000732421875,235.0,230.42999267578125,233.3300018310547,69878500,0.0,0.0,AAPL,0.01602441991019199,2.2599945068359375,0.9780561886878274
2025-08-14 00:00:00-04:00,234.05999755859375,235.1199951171875,230.85000610351562,232.77999877929688,51916300,0.0,0.0,AAPL,-0.0023571895917441354,-1.279998779296875,-0.5468678085312056
2025-08-15 00:00:00-04:00,234.0,234.27999877929688,229.33999633789062,231.58999633789062,56038700,0.0,0.0,AAPL,-0.005112133549474374,-2.410003662109375,-1.0299160949185364
2025-08-18 00:00:00-04:00,231.6999969482422,233.1199951171875,230.11000061035156,230.88999938964844,37476200,0.0,0.0,AAPL,-0.0030225698834628334,-0.80999755859375,-0.3495889379639006
2025-08-19 00:00:00-04:00,231.27999877929688,232.8699951171875,229.35000610351562,230.55999755859375,39402600,0.0,0.0,AAPL,-0.001429259958971918,-0.720001220703125,-0.3113114945102534
2025-08-20 00:00:00-04:00,229.97999572753906,230.47000122070312,225.77000427246094,226.00999450683594,42263900,0.0,0.0,AAPL,-0.019734572779050663,-3.970001220703125,-1.72623762694841
2025-08-21 00:00:00-04:00,226.27000427246094,226.52000427246094,223.77999877929688,224.89999389648438,30621200,0.0,0.0,AAPL,-0.004911289931109564,-1.3700103759765625,-0.605475913779043
2025-08-22 00:00:00-04:00,226.1699981689453,229.08999633789062,225.41000366210938,227.75999450683594,42477800,0.0,0.0,AAPL,0.012716766064777785,1.589996337890625,0.7030093959247962
2025-08-25 00:00:00-04:00,226.47999572753906,229.3000030517578,226.22999572753906,227.16000366210938,30983100,0.0,0.0,AAPL,-0.0026343118159346535,0.6800079345703125,0.3002507715464542
2025-08-26 00:00:00-04:00,226.8699951171875,229.49000549316406,224.69000244140625,229.30999755859375,54575100,0.0,0.0,AAPL,0.009464667467088184,2.44000244140625,1.0755068955442477
2025-08-27 00:00:00-04:00,228.61000061035156,230.89999389648438,228.25999450683594,230.49000549316406,31259500,0.0,0.0,AAPL,0.00514590705653295,1.8800048828125,0.8223633602174849
2025-08-28 00:00:00-04:00,230.82000732421875,233.41000366210938,229.33999633789062,232.55999755859375,38074700,0.0,0.0,AAPL,0.008980832210059075,1.739990234375,0.7538299017255217
2025-08-29 00:00:00-04:00,232.50999450683594,233.3800048828125,231.3699951171875,232.13999938964844,39418400,0.0,0.0,AAPL,-0.00180597769760249,-0.3699951171875,-0.15913084423414836
2025-09-02 00:00:00-04:00,229.25,230.85000610351562,226.97000122070312,229.72000122070312,44075600,0.0,0.0,AAPL,-0.010424735828844955,0.470001220703125,0.20501689016494004
2025-09-03 00:00:00-04:00,237.2100067138672,238.85000610351562,234.36000061035156,238.47000122070312,66427800,0.0,0.0,AAPL,0.038089848308826335,1.2599945068359375,0.5311725775362405
2025-09-04 00:00:00-04:00,238.4499969482422,239.89999389648438,236.74000549316406,239.77999877929688,47549400,0.0,0.0,AAPL,0.005493343195739575,1.3300018310546875,0.5577696993400998
2025-09-05 00:00:00-04:00,240.0,241.32000732421875,238.49000549316406,239.69000244140625,54870400,0.0,0.0,AAPL,-0.00037532879451496193,-0.30999755859375,-0.1291656494140625
2025-09-08 00:00:00-04:00,239.3000030517578,240.14999389648438,236.33999633789062,237.8800048828125,48999500,0.0,0.0,AAPL,-0.007551410322323426,-1.4199981689453125,-0.5933966363712012
2025-09-09 00:00:00-04:00,237.0,238.77999877929688,233.36000061035156,234.35000610351562,66313900,0.0,0.0,AAPL,-0.014839409394815983,-2.649993896484375,-1.1181408845925633
2025-09-10 00:00:00-04:00,232.19000244140625,232.4199981689453,225.9499969482422,226.7899932861328,83440800,0.0,0.0,AAPL,-0.03225949486019408,-5.4000091552734375,-2.3256854724553198
2025-09-11 00:00:00-04:00,226.8800048828125,230.4499969482422,226.64999389648438,230.02999877929688,50208600,0.0,0.0,AAPL,0.014286368839370622,3.149993896484375,1.3883964336616628
2025-09-12 00:00:00-04:00,229.22000122070312,234.50999450683594,229.02000427246094,234.07000732421875,55824200,0.0,0.0,AAPL,0.017562963814985233,4.850006103515625,2.115873866890798
2025-09-15 00:00:00-04:00,237.0,238.19000244140625,235.02999877929688,236.6999969482422,42699500,0.0,0.0,AAPL,0.011235910376080627,-0.3000030517578125,-0.1265835661425369
2025-09-16 00:00:00-04:00,237.17999267578125,241.22000122070312,236.32000732421875,238.14999389648438,63421100,0.0,0.0,AAPL,0.0061258849469238985,0.970001220703125,0.40897261601196305
2025-09-17 00:00:00-04:00,238.97000122070312,240.10000610351562,237.72999572753906,238.99000549316406,46508000,0.0,0.0,AAPL,0.0035272375318422533,0.0200042724609375,0.00837103919268191
2025-09-18 00:00:00-04:00,239.97000122070312,241.1999969482422,236.64999389648438,237.8800048828125,44249600,0.0,0.0,AAPL,-0.0046445482440198305,-2.089996337890625,-0.8709406706084197
2025-09-19 00:00:00-04:00,241.22999572753906,246.3000030517578,240.2100067138672,245.5,163741300,0.0,0.0,AAPL,0.03203293660995743,4.2700042724609375,1.7700967326151926
2025-09-22 00:00:00-04:00,248.3000030517578,256.6400146484375,248.1199951171875,256.0799865722656,105517400,0.0,0.0,AAPL,0.04309566831880085,7.7799835205078125,3.1332998086536814
2025-09-23 00:00:00-04:00,255.8800048828125,257.3399963378906,253.5800018310547,254.42999267578125,60275200,0.0,0.0,AAPL,-0.006443275472520216,-1.45001220703125,-0.5666766372367877
2025-09-24 00:00:00-04:00,255.22000122070312,255.74000549316406,251.0399932861328,252.30999755859375,42303700,0.0,0.0,AAPL,-0.008332331793480807,-2.910003662109375,-1.1401942042908035
2025-09-25 00:00:00-04:00,253.2100067138672,257.1700134277344,251.7100067138672,256.8699951171875,55202100,0.0,0.0,AAPL,0.018072995928489766,3.6599884033203125,1.4454359252303084
2025-09-26 00:00:00-04:00,254.10000610351562,257.6000061035156,253.77999877929688,255.4600067138672,46076300,0.0,0.0,AAPL,-0.005489112898051984,1.3600006103515625,0.5352225807493777
2025-09-29 00:00:00-04:00,254.55999755859375,255.0,253.00999450683594,254.42999267578125,40127700,0.0,0.0,AAPL,-0.004031997224675621,-0.1300048828125,-0.05107042899879661
2025-09-30 00:00:00-04:00,254.86000061035156,255.9199981689453,253.11000061035156,254.6300048828125,37704300,0.0,0.0,AAPL,0.0007861188255666729,-0.2299957275390625,-0.09024394843767447
2025-10-01 00:00:00-04:00,255.0399932861328,258.7900085449219,254.92999267578125,255.4499969482422,48713900,0.0,0.0,AAPL,0.003220327729275496,0.410003662109375,0.16076053674036384
2025-10-02 00:00:00-04:00,256.5799865722656,258.17999267578125,254.14999389648438,257.1300048828125,42630200,0.0,0.0,AAPL,0.00657666061710982,0.550018310546875,0.21436524254862824
2025-10-03 00:00:00-04:00,254.6699981689453,259.239990234375,253.9499969482422,258.0199890136719,49155600,0.0,0.0,AAPL,0.0034612223931820285,3.3499908447265625,1.3154242230387165
2025-10-06 00:00:00-04:00,257.989990234375,259.07000732421875,255.0500030517578,256.69000244140625,44664100,0.0,0.0,AAPL,-0.005154587353288997,-1.29998779296875,-0.5038907873083588
2025-10-07 00:00:00-04:00,256.80999755859375,257.3999938964844,255.42999267578125,256.4800109863281,31955800,0.0,0.0,AAPL,-0.0008180741481198517,-0.329986572265625,-0.12849444157263984
2025-10-08 00:00:00-04:00,256.5199890136719,258.5199890136719,256.1099853515625,258.05999755859375,36496900,0.0,0.0,AAPL,0.006160271773966164,1.540008544921875,0.6003464099789105
2025-10-09 00:00:00-04:00,257.80999755859375,258.0,253.13999938964844,254.0399932861328,38322000,0.0,0.0,AAPL,-0.015577789314472068,-3.7700042724609375,-1.462318881409597
2025-10-10 00:00:00-04:00,254.94000244140625,256.3800048828125,244.0,245.27000427246094,61999100,0.0,0.0,AAPL,-0.034522080166306646,-9.669998168945312,-3.793048590390518
2025-10-13 00:00:00-04:00,249.3800048828125,249.69000244140625,245.55999755859375,247.66000366210938,38142900,0.0,0.0,AAPL,0.009744360696440912,-1.720001220703125,-0.6897109579861385
2025-10-14 00:00:00-04:00,246.60000610351562,248.85000610351562,244.6999969482422,247.77000427246094,35478000,0.0,0.0,AAPL,0.0004441597703503941,1.1699981689453125,0.47445180048137586
2025-10-15 00:00:00-04:00,249.49000549316406,251.82000732421875,247.47000122070312,249.33999633789062,33893600,0.0,0.0,AAPL,0.0063364896410271765,-0.1500091552734375,-0.06012631847793506
2025-10-16 00:00:00-04:00,248.25,249.0399932861328,245.1300048828125,247.4499969482422,39777000,0.0,0.0,AAPL,-0.007580008893106838,-0.8000030517578125,-0.32225701984201915
2025-10-17 00:00:00-04:00,248.02000427246094,253.3800048828125,247.27000427246094,252.2899932861328,48876500,0.0,0.0,AAPL,0.019559492412937862,4.269989013671875,1.721630892716663
